video_id,target_day30_views
7400582591771938090,242.77297142857134
7403167206978374958,387.01707222222205
7435124823820356906,2521.3965928571424
7409800970143714606,294.3586976190476
7410935177553333550,282.65398730158716
7432809888033656095,2243.249644444444
7405432909278022955,58486.810120634946
7384996099955756331,332.5439388888889
7421705386400517406,135230.91113888886
7414296612047965470,682.5333476
7405005636637084974,1973.9209539682527
7395033235912265002,105.7677166666667
7406526842401754398,248.08608823953819
7402767039548362027,2826.498353968257
7387202628826008874,370.1887238
7435131105532988718,9782.678590043288
7396537190651677983,1321.49627
7415091981367479595,300.0338857142857
7412051047176359211,66747.34820815292
7402406665280048415,821.6776643
7405803040613141803,7636.484361111109
7407214747952663850,71.42888333333332
7422061083000589614,373.6849214285714
7409483348420365614,645.9412166666671
7399134846527868190,6684.525473015872
7398308009585200427,1688.9624079365078
7387968848881880366,2145.8048471139978
7392787323831864619,913.1700944444447
7425026165921844523,672.6139436507935
7392370893202279723,202.37746031746045
7426170246320426286,15918.809473015868
7418401395553864967,2030.3333880952378
7385679521246121223,258.8105428571427
7395342453454458158,5260.971199206349
7433936792929209642,2147.405796825398
7418353610259500334,816.7779492063495
7386109379944271146,2018.5860436507946
7428787675060194606,1953.5874992063484
7407207575680208174,16897.94234278501
7393145639640501535,1066.7113523809523
7425088749089885471,2745.8030801587324
7435474047145659678,3477.646986507935
7402046304215371051,339.81258340548317
7434382150364826910,2869.1078261904745
7426899228078722334,287.3393825396825
7423959756324310314,1760.0138579365077
7399096884222102826,186284.16233174593
7401682493629271342,1201.877488095238
7418739347882560811,51840.53460793648
7400612253604613422,171.97690873015864
7410551298208320814,336.2053230158731
7422834143098096927,3043.0319523809503
7420976675564834079,275.05782352092325
7426577071427767598,97.37130952380954
7410943285612563755,2852.5902190476204
7416901150449929502,604.0777793650793
7428366024162004255,4462.707111111109
7418358321180134687,337.6691989177488
7390964003364670750,747.8770075757575
7387204071054200106,31086.907923809522
7386453463162572062,13733.713602380945
7435057046040431915,9499.365009307365
7411363294361013546,498.2478035353536
7406460963798437166,403.3060433621934
7394633431608528171,399.6342920634923
7399101881882119454,261.3876587301586
7417674637351472426,1195.815620634921
7394640227144568110,3036.7049330447353
7414995501646646574,978.8067273
7411672167026527534,497.03678333333346
7405433554634722606,607.3706380952383
7423902517496466718,768.5825523809527
7415749879533833518,338.2295253968252
7399810513766468907,149439.0514142857
7400238529617399070,846.2185338
7421350699532832031,13906.00898492064
7402078657465928991,39.03020714285715
7392808673279528222,16212.165986507942
7415404124210056490,491.3042735930737
7424703674397642030,16663.28272619048
7419489999558659359,151344.5741936507
7387182041995119918,44483.32482142856
7395049091043986730,490.7380317460317
7405754593310788906,5442.7857071428625
7386835238007196958,224.9471396825397
7428371782471748910,606.3484802
7410622195556240683,332.26765555555556
7409867497534426398,350.65266176046197
7404237097919368490,211.1495422799423
7433974466306247943,313.52824999999984
7428754759886097707,830.9531952
7429095385358175534,41179.245327417004
7434774989301239071,14106.405433333339
7432845982120807722,10524.247013492064
7420586737040133419,846.6256666666663
7386805031988759839,976.4552301587296
7399860960682593582,11582.564388095243
7399415688378600735,2531.5441727994244
7412400413778939167,678.7760246031748
7398299355205225771,27475.198925396846
7391627587631467818,3253.4166547619016
7417607977567374635,369.51779841269837
7402396772443737387,10771.712315873016
7402042601689386270,283.44009047619045
7403118620764622110,28288.142559523814
7428081974922824990,291.4163603174601
7405416980687129886,247.29558571428595
7422057833253883179,297130.3081714285
7419135592329415978,388.6085402597404
7424004112133475614,293.14564682539685
7385784706400324906,261.6276071
7401295918844185887,32067.830054761936
7390515745320373546,18478.02392777777
7418740691058216238,4326.948788095236
7416905632097357086,173.4501954545455
7429465720859233566,1455.1215436507944
7386422957406506283,363.5621992063492
7406513564241988895,861.2264357142864
7400537117132148011,236.66182222222218
7429514662275861791,711.24335
7413606141797715230,1855.001349206348
7415747895900556586,5423.089844383396
7433258385459514667,14963.318561904765
7417597951901568298,1195.2089595238097
7419101882007883054,3326.815111904763
7390556921536793902,17980.870587301593
7386834163959221534,3442.763781746032
7403170967855303979,32236.85007142858
7405750922518744363,141012.31507012981
7395354004898827551,648.7419928571433
7386810389679476014,758.2662642857146
7418032489047936286,2282.926695238095
7429183279326137631,4295.587590476189
7433298495043456302,61.386104256854225
7407610179648261406,385.19981428571407
7425044410687081771,383.8140492063493
7429508392458177835,670.2724026695523
7384593247043210539,20593.01918
7403119942674992426,5274.562727777775
7396524940805131550,451.3433746031747
7395003414947597610,154.51100021645016
7399125064660176158,3630.5620198412694
7418707411667520810,13471.094793650791
7402014296873372934,1176.2688047619056
7429551240448707871,555.1458103174604
7405075980164877614,17609.85516587301
7434755987778719006,186.02422936507926
7404603897848794410,900.3093563492066
7427305005612272926,431.77580238095254
7407617294114917678,507.56786363636326
7384597663850712366,933.8599277777781
7387184300464098591,1547.4244857142867
7422835664300854558,12037.941962698409
7403571035041172766,70555.94046212125
7427704270004243755,102.3013595238095
7392013834191424811,1204.2221793650792
7385388623253867807,255.79226724386726
7403157322547137835,1135.969619841269
7435126104500784427,454.42081349206353
7402410113312492830,186.73514365079362
7428442114956004651,315.97599285714284
7398018597068573994,576.4335873015873
7420195608205511979,36830.757740476176
7400568447739956510,2624.897051875902
7393500623703919902,4915.689944444446
7384197193470676266,7426.420253174604
7425819627881631007,3515.115590476189
7391988856859413803,227.0286238095237
7394959859441028383,1034.708622222222
7392389808795946270,1528.0935087301593
7408689871612546346,1112.6620682539678
7426534462911089966,1296.308681746032
7405760048045018398,607.7320357142858
7429487386511314219,1432.5424730158722
7400903317452377386,378.7561396825397
7395349807084260654,688.6841206349204
7386427295763811614,294.7645555555555
7429142783031610667,38138.598926479055
7389824480929041710,494.55435310245286
7384994809880137002,939.0193547619043
7399799011646967082,507.3403706349206
7427255125485309215,780.8159539682537
7426146829030477099,294.03841984126996
7435085768453868843,394.35317222222216
7385708038809816366,4275.085565079366
7423174539900865838,285.57249047619047
7412028030144564510,1141.2308382395388
7428790097413213482,2971.5664134920617
7402453012570049822,35.383692857142876
7392401531842153774,257.6610293650793
7404605429533281582,2634.9424729437237
7400968131398651179,259.03523492063493
7429536498334125342,1000.5419952380951
7390528032202657054,2050.717575252524
7400190911205887263,366.2061504329005
7433605080915447070,328.65197460317455
7425421366616247595,1019338.118897619
7385708418293665066,273.11444523809524
7423179464898579758,380.7287960317461
7388354128382151982,289.5421555555554
7385042701953027374,21862.827515079367
7392038251499900191,3258.4432095238108
7420996934216830251,4648.284064285714
7429188930160839978,2130.295443650795
7391620705374276906,246.11222380952393
7408701167305379115,1834.8504206349212
7394227723796761898,739.9880539682536
7387939062126021930,1214.3987706349196
7432881873254239531,10874.1399
7422145468760673567,1470.194326190476
7400936062324968747,1648.3960333333332
7434347745135037739,362.50020108225095
7397256243208834346,20163.94970793653
7406532297777876254,364.14168095238074
7393131409604414751,335.2592563492062
7410616747654532394,2648.268157936505
7424655538329242911,2115.7363380952384
7435118899743477022,286.9593023809523
7386443898270256426,2411.793445238094
7400537701524557099,413.4578976190475
7387941161249328430,369.1470984126984
7390180777595571487,632.9233214285717
7405078626628013342,564.7011706349211
7426529114862963998,13352.460834126989
7386820472593370414,901.9947184704182
7434681648970714411,1644.4140373015864
7389027260826684702,323.1990976190478
7428767632909962542,1576.796457142858
7392397597501148459,72041.20633672443
7408016031983144238,1060.8390150793657
7420970955939400991,160757.55954285723
7413938820191636779,449.65102063492037
7418008443040058655,319.4661798701298
7392392274816159018,3086.604941
7423180516393897247,277.9756047619046
7395005246159752491,1167.2294064935063
7416917268908674350,176.42864285714285
7387975451173522731,402.68453730158757
7429525800497499422,258.1560777777779
7425069066311699754,1087.4789701298705
7411331198053584158,9860.308322
7420204643348811054,346.46970894660893
7402756653801590046,684934.5541214283
7422852768647482666,865.7909079365083
7428727887777303850,339.6676000000001
7410199291588807979,5669.851344444442
7394968268567481631,964.1045261904766
7410956772648799534,384.2487095238096
7406546018109558046,55.29384566544568
7422078732065672491,1004.3884293650794
7417294048228134187,234041.38726428561
7409852350698966315,500995.43459769094
7394960086201863470,352.42628253968263
7400913972762840362,243.5393904761905
7412049352065076522,391.32753968253945
7405033536081628459,411.5848087301587
7411005232026553631,788.9932698
7385030378458795294,160.97385793650795
7399809501030829354,335.36858412698433
7398747883777936683,520.7968388888885
7407965474635664686,1149.7564206349214
7432907264069078303,301.8806254689755
7413508837736549674,107237.93742698418
7428031998515481887,3897.1320468253953
7420235476117867806,612.0360634920636
7429495899027655982,43966.466152380926
7413598688884297006,297.30475396825403
7399490260452855082,1968.857925696526
7417647768728046879,463.82479624819615
7414334985060109611,554.7145992063492
7392762322667769118,24259.39626904762
7394623624965000494,9562.366935714288
7400595520424578346,514.6633936507938
7407608564271025454,1998.0709601010087
7427656492729371946,918.2218032
7427994394915065119,15897.407291269845
7411689535488199979,627.1195285714288
7384957309576809759,328.0742761904763
7390177484827790622,408.65780317460303
7419844303398178090,367.2919904761906
7405036418600275246,344.46580079365066
7397198664294288670,110.20049047619048
7434712238608567598,1451.4331516594523
7394959055652932906,367.65011031746013
7400532286430645546,515.9433955266956
7410175337646132522,302.5123366522368
7395046297935367466,18713.381657142843
7392751274820750622,26899.295867460325
7395414429183003934,269.9640468253967
7418004597601586474,364.8957992
7399428049315401002,632.3829714285718
7403136001821936939,303.0220063492062
7385339319537634606,763.7223444444444
7398696636412628266,317.0009111111111
7422081620112346411,18178.947212698415
7395756149515111723,273.6124111111111
7415445913704926506,341.98398650793644
7400254248883096874,73188.56466031745
7429540747432561963,12749.471650000009
7389764738965589279,44.69621587301589
7420592303825227051,34645.42492460316
7389403396215721259,1206.028742857143
7409145825797901599,392.2837526695526
7423212846521027883,572.7071492063486
7420261050337217838,305.1295246031743
7394610117183917342,18099.007597619046
7433954474235940126,314440.84531904757
7421378987148037406,361.5794921
7384575308319509802,1303.6574590187593
7425417968772861215,17435.447347619036
7415448300322655531,2024.6894896825413
7394304560434597166,1037.8998222222215
7398700283506838830,361.2317706349205
7412041491641584927,441.22461190476184
7426883927329000735,4931.667726984127
7403497455452491050,942.5501055555562
7395801216229330206,304.1349999999999
7394612767757471006,1918.638813492064
7414994317258919198,374804.47087460296
7415397552939420971,1006.0864126984122
7395352300631411998,285.67064761904766
7419834661708238123,988.2124285714289
7422813374213262635,712.9040833333331
7389091579316981038,10453.316865873017
7389486626503757098,498.4661878066379
7387933753944870175,170.94828809523824
7396163828511395118,417.8396079
7420608648449248543,5983.615909523807
7392766090905931051,21278.048132034633
7418431055541128490,294.0786428571428
7423219891802492190,144.54178968253976
7433964421753474346,131951.6269150793
7407995977350630687,351.95877539682533
7421773158308384042,1513.0954915584405
7413919495514869022,380.33294047619046
7392057702962253087,7341.302036507937
7401697666700299563,248.01279920634923
7429507538544086315,2352.2512341269826
7387967752755105067,1223.916897619048
7398334195405294891,780.4886241
7423231507571002666,2725.2547398046413
7389097864774831403,2449.3796285714293
7405070388075482411,7331.756235714287
7427635514955681067,313.3115222222222
7388293919039048991,84.70499401154395
7426181853121383722,3155.025604761904
7421392218679774506,524.1496039682543
7410985484731665710,527.3317316738816
7423608542239804702,4840.0482420634935
7398339831627091243,337.02113253968236
7427294163944721707,406.1973373015875
7411295476340886826,15753.231884415576
7404240406524775711,902.8197936507933
7429495389381791019,303.83075000000014
7433941383028804894,132990.22945204796
7388302551424273695,1838.554628571429
7397213980906802462,463.32520714285704
7426925064852950314,673.4575317460317
7387628532383452458,121.78856428571436
7409060904953859374,18054.569708730156
7401642893900893445,384.50350497835495
7385340393581448494,1009.5816420634925
7426872690381737247,338.21094942279916
7398712566375075115,1180.5269801587308
7398007148438883627,1324.8060642857147
7426929611105193262,408.2328619047622
7389395496760036650,4264.490485714288
7428030705935994154,84683.24607380954
7409116690690198814,5037.239052380954
7427247033351720238,553.8065841269841
7416891123186126110,405.8094500000002
7421360713245101358,430.4823611111111
7400575083112172831,7452.311101587303
7395742464155487534,32703.77692265513
7422075915041131822,2740.788357936507
7402473512465698078,356.37503463203456
7413527230707420447,2414.5776904761906
7407630574699040043,1552.071429365079
7418407464669908245,282.85870873015864
7398349927606127915,1103.3884555555555
7393879715712421163,655.7938106060608
7415365949727067423,157054.81045952372
7403932720469904671,315.5510650793653
7384290945795132702,1315.9955150793653
7424661727138155807,473.38998333333336
7415441162653207850,974.7655174603174
7408375049180286250,2300.645135137085
7397586988041358638,431.3444388888891
7386445772125998379,194074.1270087301
7424270636438113567,1426.0481261904765
7402393875828051231,145682.52687366516
7434334299891027243,389.4386049062051
7415816225286049055,1066.7731523809523
7411661711326973226,742.4905176046174
7422051463226002730,2764.619067316017
7417322506526281002,101.9420182539682
7395777305232035115,391.3258380952383
7407235816231079211,286.52991269841255
7385700400219032878,587.1521015873017
7414667383672999210,2408.750063059165
7425107228211809579,16494.497425541114
7386847268080454955,3830.6816261904783
7391290658176175403,5458.074869047616
7397987724830969134,1531.3475468253976
7423623992394779935,1549.5690912698412
7385745527989603630,3033.319972222219
7423217345629392158,270.3753455988457
7400524197547592990,2362.0676865079377
7424282716209810734,861.4905111111116
7416154005153271082,277.9291002442003
7398335505793813803,1664.8781969696975
7386435551223631135,289.08830873015893
7385374732767759662,97170.37074761908
7389826284668505390,21808.621885714278
7411752599377988895,268.7904452380952
7396134872953195819,428.8775357142858
7412055821032541486,249.11859206349197
7413896742053170463,10859.26693694084
7387198951574916398,1660.7857150793643
7388701496424107295,219.59107301587287
7388296821514423598,383.34558333333376
7434736587876912415,1976.4069769841255
7433607368463617326,424.5234079
7410549670939741482,3375.5541182539687
7425054744852417838,57777.75508015869
7384620730752814378,143250.91319523807
7416869876393872682,1672.941344444443
7398766701501877547,1001.7366285714277
7429541108167773482,493.7750785714285
7390156670422371614,323.44004696969705
7419485885177007406,321.88353888888895
7385372761553751338,1137.4112666666663
7385758657138543914,138714.3420071428
7396915871408606494,338.67632857142854
7384205914791841054,1379.3602996392485
7386438802920705310,277.6218425685427
7427989116983233835,399.94189047619005
7426570865447587118,623.6577670274171
7395326241865420078,91035.06381984123
7423911282526489861,459.16556269841277
7395018022962318638,1129.0193841269831
7398342470494457118,1517.0223666666666
7433596551739575582,493.9001664224668
7384193851700956447,6413.000722222224
7410947420382563627,1890.5544706349206
7387193752521035039,288.0551142857142
7400952784071298347,507.1208896825399
7394614531265154346,1442.566357936508
7434736299304553758,660.3195904761907
7402392058461310239,274.93365793650776
7393934196844039466,15344.46152460318
7387608580414803243,2455.9396690476174
7391333019010829599,589.5102222222222
7387257706450619678,312.4872380952381
7388359966370893087,3404.6242666666676
7384993289147059487,1359.6536880952378
7421404759460023595,3005.9305166666677
7426524693139803438,143111.8921662338
7400569448421264670,4516.354289682539
7421691490625178922,756.6530297979806
7421326589612346654,355.6494632756131
7415019093507558698,16775.792272222217
7401330867563531563,762.6564828
7394988969085177130,1040.5933412698412
7418041399553166622,8124.502463492067
7420210658639203627,36093.967726190465
7432838520198270239,1618.1429952380943
7433619569496837407,314.5104111111112
7435496840549764383,217.23176825396828
7384261918338469163,289.1584839
7423923595925114158,1032.9648222222222
7428010528275959071,1961.846892857142
7413163917121211694,313.79884920634925
7404306277976788267,7350.934072222226
7384568214904196398,254.40328412698395
7400931668975996206,67869.81225
7415035847717915950,305.58645793650766
7413935453918727455,236.26239365079365
7391290115735227691,5980.620995887448
7384600223508663583,252098.16757460294
7391339380658523438,8974.463596536798
7403132688502131999,336.1644857142858
7418710881573309739,543.3351928571429
7389083608171957550,1161.9283309523814
7420581229101206827,21619.135793650807
7399788370420862251,56560.17952380952
7388726083849571630,184.55251861471857
7385685044993608991,128.53145238095237
7402418576382102827,2589.6505039682547
7400589294718536990,34014.57015
7386843181629033774,1208.754311255411
7401295239098469675,123.30646666666667
7397243510618852639,305.8116404761901
7423919094379973930,1134.7067595238093
7413153773347966239,338.5444465367967
7391620637254520106,245.6767507936509
7403548894824516907,345.53597402597416
7409487330949467423,9574.122074603176
7411312786732797230,824.1251015873017
7405430892191157546,267.4656222222223
7386099410272488750,171.16339329004325
7413143559324437791,5186.348467460313
7413925155686124843,295.5456015873015
7416917118949657886,313.34712380952396
7403181042359717163,291.8811857142856
7429459156748307758,2823.7079158730166
7426873679767850286,1326.0709952380953
7425766248954252587,2561.152204761904
7404999414785363231,1281.7751873015875
7393100378729925931,849.9959992063491
7391248175408958763,318.7459734432234
7406098033580051755,715.1686599567097
7407948888268623147,139852.8490142856
7418348844762598698,295.7565634920635
7425059684563897646,857.0498304473302
7392399378205560110,25286.867167460307
7412116772750511406,412.6907600288598
7413584649181531422,297.56984047619017
7434719154583702827,811.6491420634923
7384668972089740552,184.67758888888886
7403546718022765870,1888.6344095238094
7414266674393746719,486.45118333333363
7411292592937372974,885.3121325396826
7424318469522459950,249.43457857142883
7394316887674375466,36960.04249920636
7426889469862759710,267.50613968253975
7407995827823594782,264.6519
7433291010924629294,3143.262008730159
7395755756827512107,304.8488317460318
7426938990869171498,413.7209793650794
7407961383704284459,358.4182929292928
7415762833620667690,23781.724349206346
7415765026927037727,16503.803957142845
7390884805698686239,238.16211587301584
7389035149775654175,694.3304238095234
7415801296726330667,43550.54407568544
7405422873508203818,34849.21792936509
7388743114581773614,1340.4582484126988
7404245465140645162,365.5258960317462
7388283704508042539,6909.990972222225
7390181099835591966,305.58350714285706
7422891211985259807,456.6738031746032
7433252033542589739,1651.0632499999997
7387181363352341791,960.8316976
7406549649789603102,439.0462802
7433976974416153898,968.0773095238094
7400563587405597995,746.7463821067814
7390534465770097950,2981.5625254689753
7412067333780426026,390.9735682539682
7433635785645051179,1365.5258932900426
7402382030673055022,1679.0013595238104
7429095146538536234,41532.350288888876
7384603756479941930,3853.455482539683
7415058600189545771,728.7732309523805
7399800966586912030,806.298473
7418339401505213738,4352.713453174603
7427670441776516395,1820.0770023809523
7415838639428554026,722.5319920634921
7415094777110154538,420.07081709956725
7414688650421701919,611.6866992063494
7416119166949723423,973.0884381
7425776657769729310,841.4124273
7403547370861923614,9442.889309523807
7403165429197278494,289.7527722222223
7397964768516115742,145.90584285714286
7402033494806777131,710.6958851
7384663720175242542,321.39595396825393
7425019239548865822,565.7244048
7394316065599180062,180.48673015873013
7399413726488628510,381.0291849206349
7403584029187984671,1707.6534349206347
7390905975344991531,250.50076428571415
7392402919578012959,375.46688730158695
7405814428379270442,863.7020666666665
7428367426028342571,1919.4862380952397
7398316817531325726,18126.929569841275
7427648909754862891,796.6917801587296
7415081871450656031,28593.471688888905
7384277925463510318,2883.664926190476
7408751367034047790,642.0928174603177
7432869346449362219,22058.271854761908
7403497795463777578,283.3425767676768
7392764616062962990,369.9231555555555
7400556163554692382,2970.2724380952386
7402789043211128107,305.2653071428571
7395337594881477931,109.10943571428575
7395420708467232031,235.27113679653687
7403593622861516078,259.26989603174593
7393946839004794155,393.5143476190474
7414311119189462318,2273.6528507936514
7387196035103214878,331.3267222222223
7428793083506052382,2157.9819341269845
7419150148187589919,1050.6590746031748
7417273060002123050,364.94692301587276
7385743995181321515,327.5121390331891
7397223426856979754,81.06932380952377
7422079637863320862,280.5819206349207
7413917731592097070,84.39696746031754
7426531577808801070,263.69520714285716
7427274662163533102,308.9215317460317
7392066331648068894,147.4201785714286
7402383238905302314,4663.428200000001
7427276776709098794,14628.707759523806
7398712029931932970,1201.3505816017316
7399448619532733702,13317.59417142857
7433233099690986783,2138.1410081807094
7402797592943283498,10678.0819
7406505388834622766,634.6183055555555
7396821962171059502,1546.376101
7402043768297278750,391.05126587301595
7384194754822655278,347.53211428571416
7386432036367650054,1121.5394047619045
7426514326036548906,139359.8128690476
7415079821300075819,1325.4363619047608
7408699443857411358,317.36841746031763
7398686249046871338,681.3487880952379
7398372832620612894,59875.89203174609
7403915084398873898,315.0489714285714
7433988853066714411,399.9241238095236
7384970458115902762,716.1859468253977
7410185562734300446,4123.873126190478
7423200412074806533,425.41436825396806
7412404598570339614,3372.6446277777777
7401298171319667999,281.4909378066376
7390185779521146142,469.2124484126984
7408686969724669214,398065.95146507974
7425023634210688298,571.1044587301591
7391642926847167775,5231.834246031748
7420246646199471402,21110.32065079365
7429101009680551198,6277.391943650796
7384200334689848622,326.1251571428573
7403871159160245535,1433.619571428571
7402826894904790302,200.05205952380948
7410591861070662958,23549.539688095258
7427284374707637534,333.1565928571424
7393187470420004127,258.8195373015873
7414659951009844511,729.3192023809521
7405357237851409706,344.56721082251096
7413539903545281822,911.1082063492063
7386892633957879083,336.21999285714304
7413896132264201515,1757.0043563492063
7414707552899845418,797.0810373015879
7395786015950081322,1068232.3147047614
7394262789302373675,1261.275546825397
7402806057942142250,636.5763841
7400960437375831304,190.72552777777776
7426930983737363743,827.8801046176043
7420278984786611474,187.35653650793643
7405761825146473758,299.3903785714287
7400895229508750635,352.7394888888891
7415086687988043051,348.7436007936508
7391688475646397726,553.1734293650795
7411698892447829279,79.77358650793651
7406532633108303146,736.4153277777777
7423973132949720366,854.6397976
7393108657082322206,4216.6554182539685
7386852423345720607,480.48469285714276
7396884785802530091,282.48718852813863
7385369497231822123,1558.380845238096
7391256241835609387,344.37054761904767
7409512035186265387,1534.9320317460313
7411354476956683551,532.1365294
7386147782194728222,375.91593499278474
7396904852934413614,5083.583839682539
7405055879369837870,461.87413333333313
7386072032674434346,1788.437399999999
7426872257114279211,2640.550583333333
7409144043441098014,82.44419682539689
7409129417882029355,1384.168454761905
7398297302575664427,4355.506496825398
7403896836743875870,276.86381111111115
7407986364484046110,700.6519794
7391694498314702123,1047.864229365079
7398304513272073503,34995.43858412697
7425770443891641606,310.05436532356515
7402067709434940702,37.71274682539681
7387987928510680362,419.3549238095238
7421008504464346398,277.7928984126983
7389417793797541150,126532.21593253971
7399831042762411310,281.92956984126994
7426158329686281515,1039.1714023809523
7408728957299756331,467.84885634920647
7405411562145697070,82501.42183174612
7407576457066892590,107096.2751269841
7418749866572008735,3223.605903968254
7429517796658253087,380.1186429
7416865995186326814,142745.82353434342
7397287435429793055,88208.38237
7400176270518127902,3963.6641896825417
7391719892745145646,1192.6507642857146
7399487779408825642,405.1042023809525
7404638377221311775,2637.6546380952377
7404673995636755742,590.8608888888886
7412042402925415711,639.5459654401153
7386340025107008814,1062996.5622865078
7399508584830111007,297.0618031746031
7387565233822289183,57906.25593650788
7435438213931470123,2724.7800187590205
7428767985587948846,983.0961452380951
7434026754534034719,91.17879365079362
7417599188210355487,954.1288952
7401341884716649771,441.26408881673916
7427983606254996782,367.68687857142857
7393528234501098782,316.8080833333333
7420948790644854047,18172.03866
7410172864680365358,4564.649974603173
7407299792600157483,170275.70821294264
7405034913700924714,20863.489848412686
7390196710544346411,1091.3668412698419
7412413064764575006,228468.60326031735
7407973184127143214,158197.37166176055
7424339078251957534,6208182.444271429
7419078726287117610,411.72329365079355
7435424238183484714,6688.010217460312
7423964646085774622,3192.8331007936513
7386071478946598187,1044.5602727994226
7414638235063766315,4905.565961111112
7392752650019736863,6059.719432539684
7416852482606845230,165.6081150793651
7418377541980802335,260.52587914862903
7402069243094748458,4151.494490476189
7424332453789093151,368.4921968253968
7425789599714200862,3244.831137301587
7423977966297763114,1229.4424700577201
7407637730286374186,5821.799895238096
7419884825940741422,78.79408650793651
7419161558858681643,563.8785293650798
7395052777371749675,733.3576477633476
7387561824616549674,990.0898738095242
7427249138246389022,149506.01567222227
7433275244103650591,2166.5818134920632
7395400285625011498,45.69682380952382
7388647355962395950,156.61651984126993
7389048708509224235,392.4625976190476
7419094436115713323,309.3198785714285
7400201718429977887,2525.7040388888913
7403172804226534686,943.7447279
7418411105027935518,281.4479166666666
7404623838052404511,1379.9248142135636
7428766746280070443,54434.55730476191
7398371682122992927,80.04023015873014
7386156294199102766,525.3583551
7410545982456204586,470.0247571428571
7395042428178189599,261.65288333333325
7407636530405149998,13393.938925396831
7393554802929634590,586.6693595238096
7402836468508691758,614.9457539682534
7423209128522403118,845.6261690476189
7407944258210155822,265.03480079365085
7414622083524644139,5121.844463564215
7408763701089602859,1146.955088095239
7402433598378282283,15886.820993650796
7398725174759099690,1755.652210101011
7428405535503846686,134.79298686868682
7394638516870860074,1482.2489499999997
7403932221133999406,276.85585317460306
7392766761562623263,219324.28054920642
7399476787375246638,293.56953809523793
7400157756591705375,5515.680648412699
7417972542960373023,4193.992373809523
7393197780631686430,271.08272597402595
7415007678226779435,3714.105146031746
7395706313612774686,1279.1570262626267
7389770130772856110,256.1930714285715
7434689659889798431,3492.264634126984
7384594973729082667,648.5959621212123
7398019184682077482,394.7757507936508
7427346558317890847,2893.032611688312
7412057785577278766,3055.6939785714308
7415072173150178581,238.2573238095237
7435503385794792750,485.4961706349202
7427260861208595754,95.89324047619047
7398392248276159786,465.5667425685425
7396068689914776863,892.4934944444442
7423212755127242026,435.1303087301585
7407958823509544223,8602.484393073591
7423584028424523054,949.6391928571422
7419877268786531630,710.2011432178932
7433258881050086699,461.40964682539675
7425101285864639787,542.3992238095238
7389845960521682222,6503.858118559222
7395779709537144094,299.2623484126982
7401295511401057566,6320.0864952380925
7402796367900462366,32533.23437
7417635846272060714,241.8507670995673
7419169332707626286,354.95509545454524
7392010165735656734,5389.759007936507
7426895289664933162,312.6144290764791
7415763144888323359,260.4456809523809
7423228738034208031,600.3522295093794
7404542212375186718,293.51251031746034
7400985493376224542,336.24681782106796
7385734096418377003,1437.3724125152619
7417278662589877534,273.2087261904761
7411331112120667435,1303.2655714285731
7411310928219655470,101079.70753650792
7395715368548863263,16756.686041269833
7434258973521382698,10182.02324992785
7426189046134721823,2146.900055266954
7429141874134371614,5141.720682539683
7423623194440994094,15156.355349206342
7390936545399754014,366.800781
7429133387513744670,7556.378470634919
7389764419716435246,7359.001838095238
7397193956620111135,322.37170793650796
7411367691170368814,254.21744761904768
7395762477054692650,466.6982768
7425016437615398190,417.4739539682543
7394615855352663327,433153.2510000002
7413939005420588319,375.8299389
7393880922094882054,318.3663587301586
7416159412441681183,3624.775069841269
7395017550293241118,251.55261904761898
7399798770608688414,378.59202539682553
7433982765441371423,293868.0779494227
7406134647102508318,489.1416301587303
7400214362595806510,18343.344289682544
7399073352524156206,545.2325730158732
7419159620918283550,440.47004285714314
7423215929808440607,890.7678126984132
7409483880828374303,558.2449778
7385713307610647851,378504.2217697802
7428400999632571654,16044.141399206363
7402732222337535278,16071.552532539674
7424689634841496863,12095.949546825386
7393554921670364446,416.1675238095238
7434745441176128810,465.2200383116889
7400566079170366762,580.8668079365078
7407948989523447071,764.9174563492065
7397584349526265131,42.57379047619049
7391660927092903211,14099.279262698408
7410594067387583775,3062.167985714285
7417318444028316974,161.8688238095239
7398323764569672991,566.4624870129868
7398010996746472747,397.0120539682536
7395335401566752030,362.65851695526703
7434780991522098475,110.8187484126985
7391988699791117599,1181.084761904763
7385003689162984746,74.40329285714286
7425786259534122271,459.8488801587306
7395010211704196398,515.2584246031746
7400531895689219374,8007.652073881675
7390133310950837535,40917.733501803756
7423200157258255647,183.39315952380954
7386829702486428959,949181.2088880951
7427309474060258603,483.73883015873037
7426903547570113835,33434.35568809524
7405036189226454315,1025.4594968253969
7427629577557511470,854.3346841269844
7409159408741043487,627.3041555555556
7413568124810743070,34.30700079365083
7434384517453925663,7958.7884595238065
7392018102835350814,364.5453317460318
7407957461065387294,4969.12234
7387252499184471339,924.0953829725825
7408358508850105631,113164.68174761899
7403519563616357674,598.3170341269841
7424651011396242734,236.5502214285714
7435104195801304362,3978.3424166666687
7386884018794515742,289.0017571428574
7402832351308385566,797.6148341269841
7426575357807054122,1376.0990404761894
7424684597960576287,245.63253643578642
7435140435565219102,55.54669047619049
7388009686970289454,136.7840095238095
7407991992879287595,362.7393515873017
7387586660210330911,5397.015854761906
7426897349458349343,1485.7164015873016
7396894240430624046,898.2348627
7425066746295356714,2474.0978000000005
7390235003977878815,725.2787571428572
7408400883169398046,813.5017865079373
7394595649129286955,4393.911273015873
7413575469129321771,580.7171956709958
7421306885984357675,178.71027344877336
7424680199968607534,650.1943444444443
7400938561375178014,954.3685246031743
7425037123956264234,520.2892690476193
7397590936567418154,600.2647817460319
7409459404308860203,510.80064682539677
7408739302554799403,472.2297777777777
7412481644839374111,1016.5545305916302
7384214115461451050,322.6165762
7396099421940763950,525.7065968
7402025198498729259,1825.6037331168834
7393137181398748459,298.44564047619025
7405754346601811230,498.11178492063465
7416183903733435691,1409.7434424242417
7392002998127398186,210581.8935880952
7433631684786097454,128.78904523809516
7414321050424593707,741.4497238095238
7410924769157074222,544.7681668831173
7424694193810951467,2317.6226349206345
7401360693565410590,35.18088650793653
7413891790165626118,155.79643809523807
7408355235397209386,299.21732301587303
7385690797318065454,289.6603619047619
7416869229963595039,3343.5406801587283
7403195763871714603,3018.710937301586
7389485289271545130,1708.3813119047622
7401310296612097323,320.114619
7384254157101829418,701.802969
7391275954716347691,1045.5006642857138
7414252129126337838,361.8800373015872
7428354375799622955,14357.781729365082
7403595606112898347,1382.6977071428576
7416944729582996767,921.2763511
7407618875442957599,321.7861439393941
7394635807388126507,269.2763
7396907049675738399,37.39603571428571
7396087098694094126,291.2620142857144
7410172550564613407,260.5516642857142
7426544227024145710,1569.2473920634916
7427717955279916318,136.04848571428565
7385342068312247583,311.0389401875901
7426076055473032478,43170.77249285713
7419490755015806254,348.7334047619046
7417254770290855199,1026.0628087301584
7420574225687334190,36961.37304047621
7423616242650467614,2753.0189238095227
7421363279575960874,12206.060144588753
7420646745647959327,618.4672500000005
7434000156929887518,653.4807824675324
7429570583446211870,165.75525476190472
7423551981282741547,332.5462015873017
7384255424867962155,726.8383023809525
7411701646943587614,362.79782142857164
7389081832677051678,151.17860238095233
7416932844955700526,59598.52477279945
7408768039568690474,622.2669142857138
7384970726140382506,1942.6168084415594
7429156075091299614,131.53296746031748
7395797378990640427,739.6106230158728
7415405679579565354,39331.099573015854
7414282015484284202,216.5001214285713
7427251367112166662,18093.392738095237
7400567792795176222,3734.5000619047637
7408009000114998570,162762.65628650805
7424734316481072426,339.16484920634923
7403197342783999262,562.0801698412702
7417612316205845806,340.3208214285715
7425076036582378782,304.8280936507938
7408372699841498398,16773.077980158716
7400949495770385710,1228.8392269841277
7389803937492143390,4589.531450000002
7409060728629366047,275.95687380952376
7420995984936815918,463.8973886002887
7384295081311866158,10749.9623
7434709448045825326,426.9519403
7392396362500934942,13145.203486507939
7407612246962228526,33095.406353968254
7418804365797887278,447.31572936507933
7387200823564029230,5032.942829365078
7428367716370730271,1559.3814293650787
7395741836356242730,1360.3189069985574
7418340545518505246,154.17633730158727
7427981206282636586,887.5310785714286
7407637457912499486,265.4169523809524
7424670439080840494,160.4601555555556
7401334079918050591,846.4689801587303
7429536580676685099,823.7318772727275
7392371291090636062,358.9034889
7421692631220030725,5531.621688095238
7423953349927537962,546.8699192640694
7393150552718265631,299.2242333333335
7398299297852263710,184.6537642857143
7395001656234085674,166.31327142857134
7387249093472537886,1506.1632833333335
7399128588861066539,374.752211
7435472501876018478,700.1138171717172
7412457068524768542,44451.27341031747
7400563482573147423,4412.984492279943
7402808688899034398,1199.0266174603178
7402442088526171434,369.68211031746034
7427308766904732959,6288.5192992063485
7398684979024203039,686114.4524611112
7410598088995261727,740.8667071
7393876235501243690,104625.12736904765
7412079482787384618,276.10086190476187
7432841836290493727,1559.7020253968244
7387612252540521771,33698.36226349205
7389392999714704682,322.15538571428544
7429152585501658411,8895.779914285715
7395371056594226478,311.03826572871543
7410636281065098538,361.52223888888904
7425109824616221998,474.72600317460314
7386426669113920814,11828.95295
7385337536526388526,95.83375634920634
7398365656757996846,376.3888380952382
7384983868035779886,405.55395064935095
7414266147165572394,463.0787714285712
7397221859458321710,278.3326103174603
7406460804234743086,1038.8134753968259
7387237746206706949,329.98437698412687
7397216448277564718,309.2283031746029
7410179663953268011,581.3000373015869
7402448859412139295,4515.318030952383
7401361586880924959,74192.56726
7393148983025208581,28924.82541190475
7385376360107117855,200.47550634920628
7384648452493397279,19247.124666666663
7386053398098873643,2272.587785714285
7411327654412111150,667.8436865800866
7433288733526330654,1997.2011015873004
7401255591278071070,2467.017135714285
7393143789914869038,3145.051061
7424370585196629291,661.2678626984126
7426579036014513439,855.7110301587301
7387606907848150318,294.6198942279943
7402759889312943403,9542.346935714293
7392373937658727710,301.82557777777754
7389020061857500458,4315.843016666665
7418797517803982110,553.6146255411255
7410203478796291374,36921.472265873024
7415425241108794667,335.9498920634921
7398366678242970926,785.8229865079367
7392032641324780830,314.66347222222197
7429159424272387358,3021.120879365078
7419152031266409771,16567.910834126975
7433946067495931178,320.82757460317424
7412411877864557866,508.3010148351645
7385038492939586858,1628.1773015873023
7409104220915289386,17254.09055555556
7420562602700344607,1117.339435714285
7423530832683355422,1449.7848904761902
7394651349557808414,383.6259039682542
7434715867931299115,368.48916587301596
7412478285415812382,255.82762380952386
7392401794195901738,253.09780079365063
7398746473405402414,46516.38368412699
7404300684742446367,199290.42065238097
7396499365931601194,366.12349603174613
7400196719088061726,231.98735634920644
7394681457588866334,213.69144523809524
7415769462600682794,8901.097124603177
7391295259889732906,434.8781492063495
7420200764590607658,423.2478523809527
7384985850108448043,507.5633920634921
7384207980855676190,21815.887549999985
7429542051718499627,386.75618015872993
7409132620862508334,189.8930222222222
7415401524500712735,101556.1393809524
7405818686969269546,113813.00946666668
7395372140524064030,330.07871587301645
7394979796519898410,1020.8036261904764
7397941507581480238,261536.25493888895
7422066833299197214,571.8283547619048
7398753064569605418,612.2427897
7397939795504188715,19939.502744444442
7398351928146595118,679.8491033189035
7407290288718482734,371.6440174603176
7390524116190743838,16630.059411111106
7403129543650856238,717.4575216450214
7414319447080684846,11760.712280952372
7408716338664901930,401.35481111111113
7385315576853318955,291.23375396825406
7409814843366165791,3336.4721730158744
7389485467005111594,580.4069629870131
7432836348903542047,5705.213949206353
7386137461795081503,211.34107142857147
7398684386293484842,373.68677857142853
7409496905832484142,432.3219999999999
7432907582852910379,645.6501492063495
7397630220963990815,281.76136507936496
7387911558216666399,1477.1544901154405
7399417049161780523,2504.847528571427
7389030009916149023,390.1879809523808
7424286252578426142,1120.273289
7393563741142535470,744.3022618326117
7386488145539304735,1057.2341006493498
7417605161083751710,926.2338642857144
7406458872015113503,29055.51548015873
7426163151063797038,2975.055735714286
7402435390482828586,11554.79795952381
7400915236896689438,340.81840158730154
7395709242164006190,2055.426699999998
7414300392240024874,2100.4270753968244
7409885912836033838,2095.3759801587285
7413947582830906655,59766.881021645044
7415739563118791942,285.4672017316019
7434318749081275694,4836.486761904764
7410939360125734187,1219.566661111112
7395800346339085598,312.0220031746034
7415377435409255726,782.2524095238094
7416135098128502047,38607.41010158727
7433960547630206254,592.7038150793651
7414292458302901547,661.3054587301586
7403891474292608287,2247.5971365079363
7410916850516659487,279.71063253968254
7417670552573299998,3875.448373809524
7407219448794352926,284.32942359307356
7433297588129991979,5319.178208730161
7389453711795555630,241.34248145743143
7407274708145573163,34048.45780555557
7387945890117471519,41630.39505
7421722953328512287,337.61334365079387
7408700213558267182,785.0399293650792
7410544054657699114,850.6210293650798
7384583686013930782,273.8879444444444
7420574272852118814,3435.7833285714273
7419152311089368350,70649.72662
7396870263993847082,356.09615079365113
7415755397585325342,441.9923500000001
7405768533516225838,320.1205738
7414622344456441118,556.6694238
7427702933392805162,322.8686535353534
7402839693538118942,165.79621544011542
7407987543263776043,85144.23646825402
7408775878869634334,332.4033420634919
7420960829341797674,324.59902380952366
7410917569588186398,392.1024761904763
7396497899489725742,101.37616587301581
7425031556370320686,32242.983908730144
7389030032934522155,1236.779035714286
7417253265513024814,5373.7477071428575
7415470057154727210,638.1017531746029
7388311963350076714,353.5010325396825
7396863890283367711,299.36010259740266
7434305824920538398,37702.83869047619
7395359145559444778,190.7512063492064
7428734440232275242,627.2449365079366
7389067314479566126,2846.698146103897
7434730963977997599,2678.3451603174603
7420979730733698346,16146.040037012994
7425801126647303467,395.4823396825398
7425393280113839402,1989.9618365079357
7426908634862456106,358.5671015873015
7417616047852801311,324.80418571428567
7420230263805840682,1507.6663357142854
7406127195392871711,244.45045606060611
7424706159703051551,413.4725555555554
7416128843750100266,21240.277684920642
7400588359292439850,116.70779365079365
7413882204670971167,577.5579365079367
7395391251836669215,1461.2448738095227
7394268585582955806,614.0125992063494
7427265483088334110,123.50419047619057
7405765043331157294,12090.780279365083
7428728679666158891,931.3650976190479
7389829902406634783,72.04430079365075
7419839212461247790,1910.7437682539676
7385341239933095211,7448.157914285713
7400574206754180395,384.5527142857144
7421674272143215914,212.3898246031747
7422811001722146094,4737.997475396822
7425757257230454046,23792.469738888885
7427278849244728606,329.2049468253969
7428808902357060906,261.6555984126983
7386121917708668202,7247.106579220777
7406465980001570079,309.3552952380952
7392056436051905838,286.85322460317474
7434698260997999915,422.97451666666683
7423956553448934699,4401.450438888889
7428405223095389470,317.0740969696971
7398676446803250462,303.6720087301588
7391252514529627434,199143.47378333326
7429468832852462890,583.2200852813853
7396822873274420523,416.8897158730158
7420965313279266079,1446.6424006493505
7421347699372625198,442.40272063492057
7411335562130427167,821.0846175
7428018540478860575,74088.74041
7435130474999319851,7924.2813166666665
7427336213415087390,1243.311111616161
7402851386217483551,22029.30747380954
7408329444689055018,340.15475634920614
7386847467217734955,97901.22923095236
7384602777055530282,283.8157365079364
7392747961484135722,869.8990403
7392428909888802091,4285.2263388888905
7428797611034840350,2536.723721428571
7384605735444974894,720.6979333333334
7391290074211585311,1069481.6943817455
7429551149583322399,277.98524047619065
7404255747460287790,466.63179047619053
7402080498278829355,45881.879171428576
7428779902763142431,1437.2609420634922
7398376230635982111,1363.2048357142862
7388337502211394859,304.5866071428572
7421340076178722094,406.7723126984123
7416897441384959238,263.3241484126982
7387182317346786603,734411.2538
7408336827205045550,2398.9836658730183
7391644627956288799,1388.2056936507934
7409814683273760005,360.4835218614719
7426917387854744878,924.4127714285714
7391993043043274014,18859.01590714286
7434728082168237354,1439.501100000001
7418348745076591902,6009.655388888891
7386825888098192683,2876.527959523808
7393526243968306475,558.4946198412698
7407265486137740574,550.2359006493501
7389841761805290795,280.0388825396825
7394249755460717855,890.4990373015874
7402816468989070635,410.04963650793655
7389770616355786014,76459.43743730155
7424372763902659886,499.3918727272727
7411288796735507743,346.8207773448772
7398756968753548574,258.7643301587302
7429498298479725867,6874.945327777776
7404677486904151339,382.81117085137095
7405045738822012190,391.2750782051276
7401639420228652318,107822.87588174602
7417650545340468522,626.8615690476189
7401681569758334238,137529.7778
7409138070705933611,1246.075800649351
7399436874286255390,313.2519071428572
7423561838996000043,4178.931985714285
7386814380043734315,732.3100817460315
7396510285898583338,3034.231379
7403878050678721838,927.7852023809523
7400225585290677550,423.9279626984126
7402442183602621738,681.6845563492058
7434762311144951082,283.7309222222222
7387999244050910494,1318.267183766233
7423908049795943722,4611.090757936509
7402754818994949419,51613.04563174605
7419091863946448174,2761485.352596825
7384985368178724126,522.7037507936507
7410559672412851486,341.90740952380975
7408372822059355422,637.7838238095235
7420584983598845230,256.79009126984124
7396910332003798318,499.94941507936534
7418403216406154538,829.8900731379732
7419140350138223918,110.2047396825397
7391665087376903467,391.3609099511598
7427662274518682923,110306.4532093794
7429474546979327278,17222.146446825398
7429539173587111210,2607.2571111111097
7432835979687365918,19908.633738888897
7395793115182910763,2585.2644166666655
7409510773040434474,1418.8140357142856
7418717565821668651,249.88717460317451
7397249950272326943,470.05246666666693
7399830589378940203,685.4770667
7414683843069791530,255.9303515873016
7394239061621214506,257.14058621933617
7434681546159836459,1204.041338095238
7414297074470014238,620.9724413
7390553609244560671,147.99182857142839
7385014043808992555,2074.7893714285706
7390937029753933102,1531.4276309523798
7418397130810854686,304.7834492063492
7432816875987406111,138122.0384452381
7420999655779044650,307.91387222222227
7389428304433990942,11349.357201587294
7428194108067286302,1457724.6201071427
7390194767612611886,1538.3946690476193
7429468680485915946,18717.918491269847
7433609608888978731,677.1655277777783
7428044485189274923,1342.137187229437
7428429779160059182,642.1102246031746
7422118274571455790,11784.30710079365
7390137050684525855,396.8915881
7423913443142454558,1131.2816725829723
7398742033713630494,8821.052754761908
7420624362908159262,1673.39935
7428782328048143622,7578.882708802305
7397259985119448362,362.36269365079346
7407229531389545771,989602.0678714291
7386458169687526686,291.73037857142833
7386464885141474602,59.83290158730164
7411705531431210271,840.8318284271281
7386100539181780232,276.3795317460318
7399827056843918634,325.86947142857133
7392023380188302597,8837.240574603175
7415471425735216414,795.1813126984126
7396823917228281096,110.41711904761908
7433618484812287278,153.70718672438673
7391263417140514078,312.4707555555558
7393190663510117674,5021.206662698415
7423162483109678382,584.1187874458875
7404291837151792427,7158.817574603182
7405352570924862762,185958.82934126997
7400546876103314734,1122.629586507936
7408006268687748395,1083.9531166666661
7393893128291306794,1240.4705873015869
7403168206988447018,1149.9463809523818
7421714493182381342,367.6642059163057
7397225019920682282,129.30959711399709
7389448777570061611,373.39984718614687
7420942027476503839,3147.676092857142
7386839905298648366,561.6989722
7433605551935868190,93.44609444444454
7400919607210429738,379.1290325396822
7425435365881695518,2031.8138547619048
7407621205487881515,914609.5693071426
7402807582106127658,1269.5705539682558
7399840110730054955,1133.3249647907646
7401695108434808106,2086.674560028859
7423552603142917418,791436.5320365074
7395750994967039262,487.71421031746024
7419546838476377374,721.7914766233765
7416172877474499870,36293.85579761904
7402082619459898667,634.2047007936512
7392374113031048478,218.51043744588748
7399792116072729899,6419.201813492063
7389101369275338027,765.6832468253965
7407294057321336094,1345.2058896825397
7413175678960520491,246.6243523809524
7394212359612419374,538.6182590909092
7419469518411468078,4497.573975396828
7428029094501027115,22476.41652063493
7406521865541405998,571.2795349206355
7387183818148515115,460.81561774891776
7418002057451392299,315.64423174603166
7392804766725721386,251.93692142857137
7416106744494984478,420.91470158730147
7387548747284155690,162.32023492063487
7419086108245495082,8932.725524603176
7432830055698468127,450.29943888888874
7387981649809591598,558.0353655844151
7405347682639826222,224.16988968253955
7393916221155970334,345.7887384559885
7401638883546631470,254.4414793650793
7435074149669719327,1763.8480238095242
7414251343621164319,370.9612611
7405018870278507822,437.7068484126984
7395756837359979822,2213.0624000000007
7399467825015950622,17724.37306031745
7423919155662834986,5932.234211904759
7407603746093419819,848.0482142857139
7401357571082259743,245.06678650793654
7396174710377221422,836.6751325396825
7425397606479629610,49482.54635396822
7386065167064403246,352.72538571428584
7433614121737719082,106212.50970396819
7392092395963206954,4433.629518253968
7413939204876455199,190.6471428571429
7390172957185756447,507.3155124819625
7425109501809904926,4734.080786507934
7387625911538945322,22841.515519841272
7386069192019021098,6688.821040115441
7393174723808464171,391.60322619047633
7387241370051693867,357.8788857142857
7387219313289121067,458.68047222222225
7429160527449820462,2359.7923500000015
7411352047469088031,390.0811166666668
7428382973721988395,192264.38843095236
7405388498468998430,1151.9999484126988
7405047752037797166,12844.45552380951
7423195345099705643,4224.727133333334
7396488939114106154,371.40411349206363
7400192588877286687,522.3070865079363
7407607111678512430,155.4440438672438
7402011081440267550,267.59992777777785
7391251622774541610,79259.05129920629
7391992834976484639,470.34683809523835
7419076315476659487,394.3898055555554
7390503949897420075,11491.886399206353
7395732410870123807,3209.607921428575
7405767487108812063,9992.943652380949
7400187499794025774,534.9166191919195
7415458037046988074,1181.6168329004327
7416142382212713759,996.5959455988461
7410991347089378590,327.6754809523812
7403912506504187179,986.1087841269842
7421679207815728427,2899.667607359306
7424351218144709934,323.49465158730163
7406155646153837855,550.4115539682535
7409890085744807210,121.73952142857148
7384212997520067886,313.5480547619048
7397616819151916331,7698.433447619048
7389429678404029727,242.4656738095238
7405736830219406622,54114.20325317458
7384236102875368735,147533.83788492065
7387980765243493662,293.2138396825397
7403519853862178079,22661.29805396825
7408351356525808942,2294.417187301586
7398720186737626399,334.1043992
7403161508672245022,325.2373682539678
7403893469695020319,12569.291826334775
7423597566115335454,2601.630120634921
7402053073448832286,1283.687791269842
7421360776801209642,833.5287134920636
7395712557010537759,405.0411222222224
7392749625045781790,622.3002103174601
7394650615156084010,22326.983565079358
7410541370093423902,2764.1109690476196
7404267979208248594,310.3170357142857
7401338559204019486,379.5517492
7405361793234865454,9250.146533
7392370042941213998,49971.355911111095
7406493407687970094,2838.0464936507947
7392386818269809963,17409.85834047618
7393842368019057951,770.3334966810976
7402456718308838687,179.77150317460314
7388668694462729502,283.135254
7409073007114620202,267402.0841007938
7385771740271545643,330.7736047619046
7394270243926854942,309.1579077200579
7407670520440720682,1460.266007936508
7419132592773172526,1035.1119968253968
7400627640303914282,2362.010447619046
7409499405562219818,366.8584351370854
7384595929703140654,106.3934444444444
7423179350792588587,13979.900916666671
7407236185472371999,4994.723259451659
7418378717161852203,2221.0017222222223
7417230570536701215,1055.1346981962486
7385027543277096234,979.4861111111103
7413194687755980063,922.0344858585861
7396825963792813354,890.6819468253967
7427653238553562414,396.9143992063493
7412412542288481567,3423.449147619046
7420196927607672110,1415.3453825396819
7401666816814189854,291.4534151
7414294214424415519,441.62796904761916
7385337594139331886,285.4826055555555
7394264918192606494,1749.9661380952373
7400609116051344682,460.5978253968256
7429468842172108075,333.2862119047619
7426555900174863659,600.9710619047622
7426918014580198699,2405.767210317461
7387586687729175851,311.4963663780664
7411349388640931118,685.2493119047613
7389778456608886059,26717.409014357865
7416879740419624235,19869.091814935062
7386467156592053535,293.27716984126994
7384938675731205407,1202.580323015873
7397929197076745514,450.6262325396826
7392030268380417326,2097.2243380952386
7401325462154267950,1025.8631547619048
7397190876868463903,5215.401975396824
7403207943971261742,303.3777809523808
7391307523669642527,386.8240444444444
7420633251494055214,383.23325158730165
7403120169280752926,907.5802873015875
7387945474340195614,318.35501111111125
7425786913950371102,513.9444722222222
7387169456646081823,5961.901219047617
7418042125029231877,269.9694357142857
7401288948091260191,288.40960873015877
7403167299861105962,274534.15255555557
7402455325699296542,1131.603116666666
7407959001876466975,1324.604317460318
7384612032558976299,928.5597349206349
7398666988853169451,94741.28482936509
7390155880957791519,313.95935238095234
7418370168985816363,29662.19572777777
7434718716899659051,495.6091468253966
7428392239870627103,1231.079602380952
7405819019913202975,1125.7440333333334
7417290527718018334,431.0946904761905
7410183888389311790,3465.9171928571423
7384658576314240299,524.8702741702741
7407128827744374058,251071.74864047623
7434682860147150126,1175.6719309523805
7418755946899344683,693.9438190476193
7396847579956350238,11815.399020634919
7405746618860915998,112821.10373174596
7428790374765825285,242.35446031746028
7393585323265035550,53290.37112
7384217445483023658,543.1112174603174
7410953111407381806,967.1442331168832
7434336136325008670,1404.7043214285711
7433960739297119518,339.9362738
7389800171820879134,386.61588492063515
7411294143453908267,8389.719139682535
7404625387713580331,303.0323706349206
7384564522704473375,286.2465984126982
7391676969928150302,919.1209825396818
7413571690506046766,6264.158415079367
7404980054305819910,4462.164425396826
7410921495486156074,16561.110057142854
7408330551997828382,1283.533887301587
7393859627189980462,989.9453682539682
7401260231151439134,208559.80353095237
7399410911917755678,4367.758542063493
7429194506567945518,457.2709997113999
7423545343700159786,307.63501031746017
7385759536860204331,4369.947505799759
7421332066609958187,1446.3092571428567
7409827060790676767,682.6890841269836
7392768510042049823,436.0328726551227
7393877888157764907,1679.1005349206355
7423601326522649886,720.4527577922078
7412094504733281579,780.8822192640695
7397634921117994286,355.0017725108223
7408346008079387950,763.9387047619051
7399099730459888926,328.53660714285735
7428402455668411690,380.66236724386687
7412482936546528543,5197.931266666669
7432806064627961134,338.0956341269843
7414279868591951147,871.4736652625156
7414357488562113835,1466.78041
7392379092047236394,13338.450343795093
7424328725845626154,1583.731655555555
7402030212642393374,10096.70140476191
7413149414702861598,2842.8838031746013
7394939279719533870,94582.01814920636
7429495331806530846,2691.8434292207794
7384208099479063854,357.72830952380946
7396906624683740458,804.7325190476191
7390130728203291947,329.0204426406926
7398325834991373573,4779.469319841271
7393533099671407915,1088.4692595238096
7418783068321877291,768.3211902597403
7416151610063113515,2768.8876412698423
7417974793569340702,488.59025594960605
7426145740222762270,787.5837404761902
7387913861229284650,735.4655214285718
7422862437629578526,285.7451269841268
7425056551435570463,407.9933063492062
7402463776294964522,411.86907020202045
7389465990268079390,4533.5476190476165
7398011413949680926,1183.716592857143
7387940894655204650,316.50600476190476
7429151801078828331,973.2740357142854
7425049888284478763,1100.767909523809
7397610200854695199,200.98723412698405
7409477636675620127,1855.7838833333333
7419906264303553834,1622.0106182539687
7400916924227538219,6583.185832539682
7409812314498829614,2573.7128230158746
7418371126126054698,60.35297301587309
7387904107031366958,2313.264748412698
7413615471401979179,2670.2153357142843
7417675546617810219,292.7381380952383
7405412220718370091,150.61195634920628
7423552599485336875,13503.602605555565
7392380111326154015,1352.8342746031742
7429181376232017195,11580.721137301589
7404639944607665451,436.1522214285713
7386481141475298602,267.71310396825396
7405740363828301098,1100.9398027417028
7397980329518075178,95.36143571428569
7411321845099646239,354.8523420634922
7407647335175458079,1515.4010955988458
7426204568502996267,745.0003293650791
7427673339801390367,903940.5347793653
7407964198166187295,492.1685206349207
7417640663916891435,341.7484309523809
7421334231349054762,369.0057418470419
7394643458809482526,10577.904734920634
7393155109699603758,159.864827
7389055343579483422,666.8101166666664
7385376428725947678,260.21141507936517
7404624283852361003,6730.138471428572
7393888991365303582,9032.209628210681
7432844466836311339,1965.9881238095243
7395021216920161579,7812.839160317465
7417654823195184430,5971.216516594515
7387604921912167723,306.90706746031776
7416878016946588974,3778.953871428571
7399051885220482347,649.5987429
7432904961949814062,398.6326603174602
7392062738950049070,1144.4992047619044
7397608932140698922,49.70895238095238
7426951407426653471,1857.0437677489176
7414643627948838174,235507.51114206345
7413529952567561503,18166.379018253963
7407659871333666090,164.1606436507936
7403547364838886699,384.0516293650796
7387568270217399583,1193.4157071428579
7402038213172333866,171.73975952380945
7435495550570777886,189.72971349206355
7384226138840780074,976.9218793650795
7426156184987503915,75681.69944999999
7403888715833036078,853.4461015873023
7412481194941615390,301.9745666666666
7425767818714434847,119.12692619047613
7429176531848645931,573.6141655844157
7405750778125765931,2235.8885230158726
7418423349757513006,78.34035634920637
7394956769426083118,1086.1341968253969
7388275824815852843,305.5470634920637
7413929238719434015,689.3340738095243
7389395546789694763,381.66425714285714
7426148763854621998,17296.05193412699
7387623253986037022,202.0469944444444
7412445729928596767,49.915679365079356
7386794274102185259,332.93686132756125
7428060179461115141,403.8462563492064
7396096330948513030,228.19448809523809
7397988938532621610,729.4582603174601
7426127560964050206,153701.55105873017
7392406370055687470,58640.02505000002
7433963610726075691,561.4276626984124
7385759988091735339,13825.793735714284
7407960793028873514,1134.7004793650794
7429470210681212191,761.5847603174605
7424347815742180654,1286235.9953738102
7394978393663507755,446.6028825396821
7399451856621063466,1481.6322293650796
7413177451888643358,4044.8748301587293
7420983408433712426,1034.2870650793654
7421311901050703150,246.3116444444444
7395369348954688811,1423.4081555555565
7385310508477451563,1411.032559
7411752500006554922,292.1933357142858
7418019661444304170,5622.064152380949
7420214805220429102,937.8610173992676
7408035654761860394,6780.295373809525
7421699671292202283,567.7319952380957
7434381736315784490,108698.36320714283
7434393335806102827,628.9822126984128
7412501079780461870,1016.2797095238097
7434741237187415326,24482.19646161615
7415009288768277790,300.19056904761885
7409887785135426859,1058.1355999999998
7413951037972696351,236.0396492063492
7386467978436545823,325.7867007936508
7406188213590560031,506.8671619047621
7391330803961040159,614.4439904761905
7422102363718143275,550.4117960317461
7434699757190204703,302.23786269841287
7390522133274709290,1212.1921309523811
7412450576073592094,299.6891785714287
7384993660284226862,1941.6510857142853
7408346024743390506,271.98758650793656
7393104856418012462,1761.8912297258296
7390607212562877738,3664.114250793648
7429527771795213611,38133.90657777777
7429115416200514862,15865.426863492074
7397989780933446954,669.3145936507932
7390168145002007851,245995.77597619052
7403489412010577198,1351.1571984848488
7420202525292285214,278.1451515873016
7407662104221617438,343.9062999999997
7405018691387034911,545.5321548
7403138903194045739,1584.0458857142864
7411339138198326559,765.8413857142859
7423536406099692843,546.4117048
7400583379785108778,584.2116311
7391659601374104863,253.68546587301597
7394231880704347422,683.1768555555559
7417973902871104798,291.1521166666666
7433603152902950175,480.75826428571395
7393476186833276190,1131.3952095238094
7415040349732637983,171.77773759018748
7407953814550056222,284.7094774891778
7404259169257147679,230.1631595238095
7417996688855469354,4717.779705555557
7423217575309348139,378191.49862777797
7423597346644069663,91958.41301031744
7389412793562189099,11087.252273809525
7427301817861688606,10876.68008845599
7400625372892548394,546.1451130591629
7391692231582698782,693.8806509379508
7419112522751495466,1043.9326158730153
7403548514522778910,341.6179547619048
7396912869155130667,602.5929254
7435472789781499167,416.6522595571095
7416181436585184543,444.1777865689868
7426887257421958446,12300.90718888889
7423186010734906655,17419.21632539683
7405803983958199598,1122.6929238095238
7411721527541927198,75.06138968
7418021041810738463,76.11732777777776
7398682276789374238,411.1288912698416
7421682680078601515,543.3859809523807
7387578272801934623,948.8560753968258
7415840585912716575,581.2828222
7429540497309306142,130980.70327619054
7418711218753375519,268.12949999999995
7406144232680983838,36126.281526190454
7395757891275197727,1578.6857009379519
7384650381000707370,367.88052063492034
7412502563435613482,612.1171952380948
7429180400351710507,1018.5172080808081
7400537034437201194,7382.421932539682
7386834799316471082,1188.796948412698
7397991323946487070,265.51996363636357
7415744662327119147,884.7222539682541
7405448271184842030,495.0864904761905
7412467578381045022,312.5561087301587
7384207738194152735,166091.23045158727
7417625659117210911,2157.137837301587
7420652608177671467,156.5591912698413
7394304270792740138,399.0278523809523
7413597389694520607,240.27059126984116
7435145254824709406,711.9467357142861
7385021925359193375,272.26792380952384
7406105632471928107,2154.3936492063485
7405019733315177771,1661.954245238095
7397248928216878379,9819.746343650795
7411289704735214879,6150.196332
7424687664772746539,41316.87469206349
7416912243868126506,280.91882777777766
7434328854686223659,480.3430793650792
7412430385163930910,472.99956428571437
7433245977491852587,1456.6771198412696
7409133913538333994,127.06086190476185
7402796873834155307,12940.363400000006
7427626452796837163,152.9734341269841
7419873333925121323,383.91408253968257
7422855985095576874,451.1401380952381
7412485597073329450,1760.6125111111094
7400910404077112619,310.51192936507954
7425461564997750047,1516.4347714285718
7395392344788421919,6185.039957142857
7416195706639224106,348.82068015873006
7396465420112235807,553.1366523
7391676062066904350,17126.164107936518
7420956502799715615,2532.555899206346
7384965723157908782,405.10514444444453
7388736058030279982,298.3079023809526
7398764903433063726,609.9978198412698
7399069544125369631,9838.547873809528
7405726670944079134,1205.0874404761903
7413570592240291118,901.5158894660897
7401646933829258526,35366.848192857135
7402068083394809119,484.8427142857141
7424326432622382379,858.2360849206354
7385345708569693486,1283.1050683261165
7422109219245100331,379.75671269841234
7425447425608781099,576.7026052
7396165030577786154,985.1131714285713
7404661490793434410,1944.1880553391043
7397625282879851819,539.7311920634924
7385706382315539754,1436.6980158730157
7428387669748600106,15386.899603968266
7388007929259035947,402.7961793650795
7425761745060334890,900.3720174603181
7402753264329968939,636.9493039682533
7429131696487910686,1035.5735738095243
7421724216124296491,594.1858095238096
7389437300385516842,6739.064509523814
7418731282881973547,354.20108095238123
7394993627501514014,1325.9404642857141
7398759681117752619,157.6453571428572
7420565279639407915,1325.7622706349202
7418333689840422187,477.57313015873024
7423571586197802283,1175.9203738095232
7390900486276140319,34.70628015873016
7429483207554239787,626.1801198412701
7416914910610754858,360.1294476190478
7397200214332804395,545.0374865079367
7426543075331214634,738422.7194968252
7386073290495986990,313.00573109668096
7433271089498934574,947.8817674603183
7395727968158387499,364.48561111111115
7397628773505469738,296.4724674603176
7415421255286852907,231.1978598124098
7385688108202773803,394.32243809523794
7392429503244422430,7187.223058730163
7400203776860245290,367.18647698412724
7398309651311234347,8667.304441702738
7400573500932623658,8689.105830158729
7415089683820072222,5302.955964285715
7418763502552354094,543.3839412698414
7421678934355365163,973.4696880952383
7397961414456921387,152.20622619047614
7405768514759380255,8346.037853174603
7384194290215292190,370.40799761904736
7384220441553931550,4122.953902380953
7413563173460053278,258.89259682539677
7419105249551453470,1468.051903607503
7390147128095460654,15089.388630158735
7412042082845494571,497.7887182539682
7390526890731130155,144.285654
7424291475522997546,666.0545269841272
7386844372823805214,407.6840507936506
7429479633801809182,111.68318809523808
7397238220934630702,534.7166976190479
7414299450413174046,5909.525105555559
7392380158306503982,18565.94909047619
7409449566048668970,1031.5986807359302
7393521891736177951,4580.370438095237
7387204635402226990,285.7167968253969
7419496887725706526,372.3780063492064
7387191587433958699,575462.7128976191
7422055129139907871,297.01836587301597
7407958733927501099,4871.645631962481
7391684393229733150,426.6084833333336
7423578095937932586,973.3788023809524
7394287950034423082,315.7965134920636
7387977806220725546,302.10729047619054
7415018583157230879,545.2689222222223
7412436688116567342,426.4855857142858
7399492643299822890,733.4380309523809
7422072346523028779,390.4191182539681
7414662367805492522,2536.3120253968264
7397651127405251882,834.6607230158733
7421720822710324526,693.3793309523809
7385661030044552478,6224.079989682541
7387210998807153962,416.458573
7429137248978832686,117788.51736904758
7385378949473340702,1043.867542857144
7407946642332126495,445.3866904761904
7429474647705537823,4080.7772261904756
7419087482718899498,2173.6147452380956
7405755305310571806,281.78397539682544
7417962811327778079,34210.98903174602
7386805681329917214,16990.716593650788
7385326811380550954,10884.766695454544
7424662171113573674,2401.9297728715724
7419114045502000414,417.85997301587315
7407615061453311275,11384.19911904762
7410173970349133087,453.32814783549765
7400605288950254891,285.8963285714285
7417599532331978015,441.33516666666657
7426887338879454494,799.0038380952378
7405422473107295534,356.2961722222221
7417994164467420422,271.37150396825393
7394611768279960874,956308.7425936507
7411718440349650222,146.03128809523815
7413978540145691934,563.6693071428567
7400587994861767982,15367.081011111102
7401672503220948270,2565.745645238094
7428801242513607979,3045.0723325396834
7424695519026449695,498.5072173160177
7406185415310380319,9997.196422222221
7413180232292666666,4995.781641
7392737828322512158,104.43182878787871
7416150036423167263,3002.0652309523803
7421759909626252587,320.8354722222224
7428405699882880299,411.76243253968244
7426580353407683886,128303.50710873015
7396131712410930475,1720.041518181819
7409880060510883103,372.6926119047618
7402437259645209902,10029.49684920635
7410276316173421867,285.2016678932181
7386479017668431146,2024.3087222222218
7417286565950459166,1319.7348746031748
7390959568236416286,299.64278253968274
7418426073605573931,1379.923111616161
7400920403461377310,1501.0961015873017
7394683396213017899,444.76882460317466
7426509589551631646,16717.923210317473
7413941764811181342,4232.116432539682
7423187689568095518,1052.5450685425678
7386836797763898655,1567.7131023809518
7414639136956501291,1211.3531531746028
7410586725015194922,7601.330457936503
7412486808686087466,400.95620476190504
7421356689506733358,215278.83737142856
7428413327778319659,9195.994991269838
7410594353971809567,1222.8536624098124
7416206642078895390,609.8520309523805
7423619917053807902,218.63334285714296
7418811331714813204,303.41395
7412500704549440799,283.56722698412676
7421716009301675294,347.27309285714284
7402760736520375583,141941.99564310143
7387940079987117343,16577.00427063492
7390547712262933791,189988.97123932172
7414336594489986335,3846.3576888888897
7384583807111826718,639.7534892496391
7421700147978964267,2537.1823222222215
7391631415458286894,10216.67464047619
7414302742098791722,2582.783270634921
7427240513650183467,822.4002039682539
7418726047237082411,393.3952175324674
7409871202946272543,245.93842857142857
7426880047652326686,937.7890151
7387607338376498478,49117.78065714288
7385335423687527711,396.00166349206324
7417989238072905002,11648.386600793652
7419090879832411422,898.0940999999996
7424340079755283755,955.0788857142868
7399434335159323935,311.20450721500725
7393876121831443754,769.5082277777781
7406092056805903658,982.3449121933621
7398300188072299807,342.01203730158727
7411737910036286750,692.9683862193359
7405813426917838122,1259.952024603175
7398693904343682347,115.35700461760472
7396480340593937710,1224.0189420634913
7384938782707125550,78.78686507936507
7422136488223051054,1428.6490230158724
7427304593211526431,91.89271746031751
7399049776521547051,360.5055191197689
7404977466608995615,17974.807931746032
7415369533105425694,247.71951587301578
7408692638674717982,1679.6408896825408
7406527774657187103,3294.0749246031755
7412075497997356319,5213.649643650796
7409153646144883999,58.33899761904763
7419102043446578478,1888.5069007936502
7406162407258688799,298.63800555555554
7386437133772344618,284.59036428571414
7410550382549568811,382.8168603174603
7401285975407824174,285.1912571428571
7389409876788677919,219.10859920634934
7405018196538887454,88.19240238095239
7419834179300609326,1590.6458174603194
7420237283502198058,1384.9413999999992
7408414454246870315,1814.5916761904755
7428786851328068906,340.35208730158723
7416132061720825134,1068.8365809523812
7425463726431784238,2033.0703272727278
7422136445646687530,15526.584815079374
7422108065907903787,1418.2534253968256
7404637204921765151,3369.1296500000035
7413532885845675295,981.5637238095237
7426882962580491566,527.1863103174607
7433631845595532574,662.0088380952379
7424690126892158251,11338.446823809512
7394653231030242606,121.09620317460315
7423572891662306603,4219.605531
7428398860076125482,57860.32028492061
7387934921131576618,1598935.6460597408
7405797687850716447,4941.012815079366
7429194802463280427,304.0760837606836
7415079556630990122,183.36179365079363
7421769778483711274,1120.9489841269847
7394267340382276895,1570.0920896825392
7428741169024208159,532.2343199855703
7401318232746921247,229.04061587301598
7414713135371816238,916.1991397
7423255738849709358,417.4265746031748
7413557456401468714,1622.2266333333332
7433973547501997342,287.43053174603176
7418407322931809579,354.5843373015873
7400153918958767406,110742.42291219335
7397232878892928299,456.116025
7387962408058227999,497.53171746031717
7412097031897992491,2126.362240476191
7386826547283381534,235.2779968253967
7391270982087920926,185.90980079365076
7411346602905980191,327.49586666666676
7427257243063602474,96779.77015952389
7389081273282743594,1065645.0437730157
7416874334221847851,32195.72656428571
7404630520371350814,480.5425325396828
7426928790410087726,1969.4730446608944
7426130132433128735,817.2393912698411
7400200705757285662,2326.2916492063496
7391694418182704430,2076.6409689754705
7426498211457551659,1932.4703460317464
7391270074402802987,10846.134932972578
7386126427684621614,682.4501928571428
7420244972831722798,1320.9561000000003
7423939978398305579,749.7028888888887
7395371145811234094,683.7306134920635
7408717840070511893,5794.576373232326
7405360647837355295,41042.297271428564
7428452743657934111,1163.4755593795094
7392048635258719518,12976.773555555552
7403175481480154410,147.76981507936517
7391295277342182687,244.47337251082268
7404999752087063838,436.88155238095237
7415795083406085419,2263.175719047619
7434718322786143531,21576.248921428545
7411731455103094059,405.0195643
7390526842165284138,287.0203054112554
7389791569789963563,183.91467460317457
7395763173988535598,318.1617698412698
7395014968787193131,480.88730158730147
7415376817533603114,114510.36197698418
7393871366346378538,165.54888650793643
7405345256314604842,925.9153634920627
7392013294631931166,959.2716666666664
7392765150622715167,995021.7918785717
7406494219919002911,351.04807380952377
7407958796313709854,15038.845419841273
7405005328649030942,740.2070452380951
7396486794285452586,459.86865541125525
7392071545776098603,800.1827087301584
7414326939764149547,245.40150043290032
7411660552721796358,284.0651238095236
7415074771622251807,15774.737726984125
7385375072032279851,278.1250166666668
7432890646857305386,38094.13107142855
7394214920243399978,1102.4699273448769
7435102753518554410,1366.3923348484839
7417277363672730911,275.29034206349206
7389045875340774702,618.8345119047623
7399445331496258846,463.0408642857144
7392789232990866718,527900.8391
7423566852946677022,138.1510111
7406127670599126314,381.8812873015873
7409445276374584607,423.45104365079374
7409070939159186731,605.3419206349212
7426571622296997163,238.98618253968252
7402761048425516319,341.46540714285726
7405388216347479338,422.21555238095266
7400939914210151710,541.5658982295478
7434731068416363822,1285.0553076479082
7409063076420439338,1208.3142214285722
7414292036938927390,249.68107777777794
7397591399752846623,336.34824603174616
7415802972942142750,417.61460238095236
7427697244360527110,4695.350402380951
7419851640221502763,319.2612881
7390524849149725998,278.9378551226551
7433637669248175402,364.5489531746031
7386122183858228511,2194.5460873015863
7429484852426067242,11148.611741269839
7398341588105186602,690.6054230158727
7402475447348399403,10575.078553463203
7408787838575185183,449.75509668109686
7415033265473506606,255.43906587301572
7417686481138896171,332.69027301587323
7415735891953519915,424.2657595238095
7429156435293998367,156.40751825396828
7426959391649320235,932.6944484
7429504690691312939,12967.153742063485
7406521533587262763,2123.892660317461
7415451125588954398,221.10506666666672
7400183156349111598,402.24023333333304
7393927459772615967,559.3019825396824
7427280797314338091,821.5606230158727
7398344376931454239,396962.2109611111
7424330914492108074,159.8778738095238
7402417419257482527,20771.803177849928
7403520217629904170,247713.82117698417
7391697441206062367,563.1651015873016
7394269507893710123,9244.832695815294
7410572452264250655,358.77127503607494
7416877283882929451,54948.64874999999
7424678877689236779,5735.693207936512
7417637732002090286,211.79560714285716
7385763054316981550,438.36740202020235
7401707036314062122,238.2527722943724
7385393224363298079,566.4219619047619
7402032588438670622,31101.21985873016
7419459162779733279,5659.416735714286
7388367973787979051,461.3283055555556
7415076410324225323,387.8941198412698
7395349771193453854,11493.485750000005
7402769289738079519,882.4923579365083
7392012158646701354,703.9608714285713
7427313660143471903,58.81460836385836
7415057200667823403,180.8919476190476
7388656616301759775,272.5434060606059
7390189514901228831,577.2951748917745
7418006847904288031,59.3215619
7415783597669387566,1014.4224761904769
7408411349820263710,287.38926031746024
7390929553293659435,465.6088909812411
7400560899569765678,18091.706468253964
7409521936637775147,368.8470969
7390560179575737630,250.96170180375168
7387907239320751390,631.5048079365081
7413896378117655839,510.99702135642127
7390150870555528478,858.8131158730164
7389060738293288234,996.0251730158725
7389853919880514847,787.3439833333333
7397608625608396062,360.67891544011525
7386450995456347423,311.61076031746046
7384569017698192670,21751.114752380945
7387994361423809838,2334.0149452380947
7428008341751778603,8975.568742063495
7391676165418716458,386.2291055555557
7408007459274558762,1967.0445746031744
7409872782395280682,285.1070885281385
7411328342760246558,352.51336031746035
7413953795765357854,644.2551722222219
7384205838946159902,5712.031054761902
7408777903455997226,947.8736689754695
7423590217640135979,7381.415933333335
7411313010469375263,309.0556928571429
7409817456098725166,88.24218650793642
7421027348503416095,434.2326126984122
7402031780259187999,3628.5840771284265
7413231410368007454,319.36070714285734
7418796798543760671,421.45535937950916
7428400373469121835,125.6459523809524
7393534257869655326,277.47518888888874
7384646781092564254,771.5592996392496
7392043535823818015,434.7536262
7412501848449486111,288.3808833333334
7397202894119914794,372.66050526695545
7398375738509921566,578.8511528138529
7413191358166338859,460.0282642857144
7389410299939523883,9112.211570129872
7405405618565025054,4633.827317316015
7395380884729466158,876.3924071428568
7422804191980293422,467.7428579365081
7422055727092665646,290.7347144300146
7418059234195148075,800.7431119047624
7392439337444445470,37.36427777777779
7426201928159202602,869.5001904761898
7384615726096665899,576.0166420634923
7402386216152321322,2655.631707936508
7426145850578963743,413.0443992063495
7425060092753595691,311.8567626984128
7401667201138265387,7599.109933405485
7424373934230965547,574.9769375901876
7401352705811156255,238.23424682539684
7410928844015815967,15135.123380158731
7418811668890733867,376.8546682539685
7390907657181236511,15398.459488095248
7415824544738315566,2511.7780134920645
7417652512456527150,978.4297353535347
7384200797862579498,422.6347785714286
7384651538918051103,7851.509811
7406147347962400042,179.5825722222222
7408407440187870494,1426.5076126262618
7389405534195174686,3078.400335930736
7433242045277293866,117.19713095238096
7414639409133292842,2140.1927841269858
7428457010745658655,784.0455198412702
7425861120734399790,660.3564119047624
7422827734713503022,570.0962531746036
7384991324551875883,248876.3786460317
7418021990528797995,1178.9394329004322
7422848513547062558,394.1204476190475
7395013590920580395,484.5976507215008
7421005258362572075,162.40093968253967
7395345176157310239,3782.0665984126977
7411293980782103851,2616.131055555556
7409899772582104351,476.5540690476191
7411355950931643678,2002.3142809523813
7384210748752366891,6058.389929797977
7413199182321716522,549.7488354256851
7404661122374077727,14139.695237301587
7390548344591961374,811.4363240981243
7388002989950242091,9384.541631240976
7423168319676484895,47330.60781688314
7389834446398098718,1964.0853476190478
7421387240770768159,1422.970628571429
7411701659039960350,396.2433976190475
7429479586175700270,854.4633904761899
7428354965422296350,340.88349126984116
7426165053751135534,985.3460626984123
7396449474270334238,12282.735500072145
7400590618671500575,122.3466119047619
7413226082117127467,14690.152958730165
7410916635885735199,390.1765246031749
7385700771943271710,324.65767857142856
7391674164958055711,329.42931666666664
7434332219042204959,333.9129611
7393174771845909803,472.83884069264053
7394665196377165086,1651.1452611111113
7426176712678853931,947.1314452
7384612071989595434,3245.9611690476177
7387917671133711647,194.39703968253963
7392410545397321002,4545.545883333333
7388734732189617451,3921.709501587301
7409097772030348574,869.1406841269841
7402770216675036458,13712.030984920635
7393484559339244843,512.9134333333338
7419844485183507758,77328.95200476196
7410234961267166510,5837.704773809524
7415052449582615854,5165.775686507933
7426193187389082910,769.7833111111107
7391275170121452830,37.50768571
7419080611928771883,1140.5931857142862
7412103961454628142,618.4148723665227
7421302050690026782,2570.1876634920627
7385391242013723934,303.81975079365066
7395704637589916959,57.05750208680211
7423612668637990186,401.2549694805193
7390583732639501611,850.3986373015873
7402818629135240491,21099.13183809524
7429521137488416030,2115.203833621933
7400974734609108270,418.6342828282828
7403155002837044526,358.3295536796537
7417670279205309738,337.35864761904753
7403923427356183850,1138.2277206349206
7391678878466592031,1096.0598222222218
7435056809792048426,7543.841173809521
7407261347248950558,251.2099144300145
7394214775208693023,356.3148904761905
7405796677854055723,337.99584523809546
7397225642485353774,278.37756587301584
7404236881422060830,12057.34634603175
7420199931266485550,810.9512694805194
7398769156398632223,143.1357396825398
7410972324746317099,388.61309523809547
7409063994306186542,684.1639476
7392774738935909662,299.0635960317462
7409133026657029406,971.4456095238097
7386072526209715498,1632.8737238095232
7413515903180098858,3671.1840412698407
7416936636124040479,136488.80666428574
7420240066334706974,590.1785793650794
7399828911334362410,16129.886335714275
7393855729213377838,652414.9557007938
7428414259564039430,13791.968470634927
7409429508723363079,350.61567063492055
7412435650852556074,557841.4523127706
7417967022186794282,1491.6971611111105
7412076007529762079,3693.217861111112
7399882537646034219,831.7741945165945
7410945072314813738,4455.755022222221
7384978786787314974,109785.79005476195
7427278921097596206,10902.574869047621
7410571683066596638,14867.17387698413
7426158394865732894,305.65087063492086
7423565138298653998,30070.05526111111
7414307187301829918,22639.252691269845
7415640308932791595,772.7198357142861
7420625907574000926,2791.462938095236
7428774062236699947,135.6939443001443
7429172082665098527,749.9113293650794
7406112967122554155,1014.0925658730159
7399829452454153515,801.6002833333333
7403945581816581422,2315.3271142857157
7419110357190348074,5518.640528571425
7425100582362500398,493.8053190476187
7386115528089292075,38617.041853174625
7414328394302655787,303.1181992063491
7407952814707707167,48941.64719047619
7403215592431406366,349.5396816738818
7395728179446418734,196.73987619047622
7416128369642753310,317.08149920634935
7384649381527522602,461.4314634920633
7405386953018936606,2278.1642626984126
7427246029818383658,660.6267896825395
7432895600074509611,3565.8117849206337
7406127541037157662,349.4446952380952
7389110637177097515,9294.393482539688
7434406819713355050,710.7411906926409
7393526113064045854,462.3975452380955
7384588991645011246,407.15895793650765
7393477524841450783,157928.5345595238
7428431341378669866,151.96537777777763
7409854443404987691,308.02285714285716
7408009812694388010,1134.2203468253956
7408723859802836254,17569.34705
7402757397040745759,319.84089682539684
7411708779101834538,1111.9353785714288
7385711270911020319,1467.476815079365
7407211210476768554,15932.17510952381
7421357977300487467,297.3007087301586
7417251342273531179,552.8617134920636
7389486969291558175,547.6177674603174
7387225453666258219,330.2985031746031
7434737756632304938,3465.389207142859
7422863792670854420,254.31045367965376
7393877716673809710,411.2777642857141
7410935561197767978,2160.217140476189
7389429298513431854,513.9626095238095
7386847224535338271,392.66511269841243
7434319962510003486,359.3720126984126
7435093289830763818,8795.032100793649
7434725332504038699,1280.8462396825403
7426190413448416558,314.2198293650794
7410591371179920671,23926.057602380937
7395797165081120018,287.44332063492055
7397858276051848479,139098.16579126983
7389085358765428010,2489.865936507937
7426508186829589791,1662.8344314574313
7386808668253211947,357.26558968253977
7429550850130955551,802.5636214285712
7408689199785774379,325.01461746031737
7410208537277697322,307.1950634920635
7426581966616661290,656.1904420634927
7433233843039128874,5095.4638670995655
7411004769935969579,378.933904
7407953193964981546,3439.608650793651
7405004465163521322,348.1433230880233
7422820823485943083,382.30330873015885
7410615485181611295,1879.1201206349197
7390549844642811157,824.9590943722945
7405384879820606763,1146.8183007936502
7424276988698938666,6882.329740476191
7395742778300321054,534051.4815
7423221084461239595,843.6005486291488
7402756942117997867,235.09039285714286
7424290086474452270,469.8200714285714
7396106112946277674,473.70616349206364
7414293025767132458,9634.911671
7387172298576481567,33942.44307777779
7395377364697484575,17604.708530158714
7432808465459957034,6269.060523809525
7427261049834900778,1131.5569087301583
7399427337529429278,720.5651785714283
7435080724702760238,179011.51365952386
7408696909260541214,237.9351690476191
7412047249485679902,341.2806103896106
7426572787097046314,269.63621111111115
7414652786136157471,833.0316540903538
7384658635915283754,203.88465079365074
7416886351141932331,256.8030849206349
7415422246107237662,100.27947063492073
7400901739760700715,4312.463703174605
7409896220417740063,118333.36585259734
7425401813840481566,661.5479777777778
7390885698569522462,853.1922563
7407213087398432042,388.9731162337663
7428803584482970911,1199.7313805194804
7392037595783367967,245.46763455988463
7422831079054232863,443.9207992063493
7423946528668028202,1968.5675420634925
7435145331588730155,2698.0991674603188
7393884164115696927,289.4403357142857
7404665414262721834,133.8100261904762
7402047185044458795,2189.493380663781
7434325592121642271,6509.130823809527
7393126972857044267,4740.984195238095
7412104607666572574,1861917.9794174605
7407672624114896170,140538.78101031738
7408952916758809899,7375.344068181816
7409841014501903646,405.05416507936496
7405814088690945326,1319.5254468253977
7420629384215661854,167.7771936507937
7401216473135385886,3005.6226388888913
7428744023260581162,18913.410898412687
7386074694400691502,330.1582476190476
7387551562073115946,486.6807331890333
7393887504690171179,840.1915579365074
7392423264657919278,637.4083999999997
7429536359775259946,609.7363261904763
7413163210586492202,74.73862777777772
7418427343095647534,1001.3602023809514
7427239519386193195,959.3358510101003
7410540471920938283,3326.7174000000005
7394240374769749291,336.82606038961023
7435433515371580702,287.0812761904762
7397199518267165983,285.84597207792206
7391656205074189599,627.1230047619047
7425463730592320811,339.9449396825397
7424679155326815518,6715.793993939389
7390941776648965407,157.2119476190476
7384975315463884075,860.0889499999995
7425404345899814174,299.28515000000004
7401367601827319071,2089.416642857142
7424271137091243307,156.04569682539687
7427336346739674414,284.34566666666683
7402451370042789151,7792.865945021647
7419083184610020638,825.780927
7412050237235236139,10325.768729365072
7405366255747632414,27516.10182222222
7397236729285053738,317.6339650793651
7389401052308606238,292.94383968253965
7423587347909872938,870.1259873015864
7405005366590803243,288.06414047619023
7428021862732516650,1418.6852725829733
7434684474476039454,1595.6435299422787
7427674700920196398,7232.249231313127
7427677617534307626,235.5339761904762
7414703870137584942,5524.122661904764
7413968568519363871,3516.4612303030303
7420597085763947806,1468.7944166666678
7391707854668942622,2741.302238888887
7387953457883335967,5935.111885714293
7393111566373244202,581.9212333333331
7432862608870657326,339.06288174603156
7398746412248272171,1067.3822706349204
7401269939644009758,450.42972619047623
7421325640093289759,456.70312380952373
7419884434129849646,12.75399603174604
7407986510944914730,277.1720706349209
7391662152756579627,744.9386238095234
7409440263162072363,880.0791555555558
7392400438450081054,91.94541428571425
7412433549002902827,215978.26710634903
7392010362306006314,400.45192063492055
7428760018683546922,821.7043928571425
7424299548216118574,1018.0131714285716
7403879404184538411,331332.7400952382
7392366393653464350,31506.01121190476
7414285673793948971,1158.196873304473
7428403503611039022,140587.77646147177
7403179709447703854,735.236204
7395702380962057502,371.8455706349203
7399047017093270826,261.18721428571433
7432830428601404702,313.4270238095237
7420197994655403294,1150160.7152714287
7418363876762209566,717.5570047619046
7418023249105210655,4021.304988095238
7414728859125337375,575.7519062049063
7415452173561171246,3307.8278419191906
7415366432365579550,60232.50490613273
7410939575067020586,1243.9817055555554
7423567943436373278,562.5915847763345
7409100079493090590,858.0728452
7400186775148285226,4367.923716883114
7405422242064043306,438.3785158730161
7390187715951611167,9073.278477
7388288757750877482,21157.822765873025
7389094506659941674,731.3667857
7394256712141737247,341.5162134920635
7385005337599839531,22066.811849999995
7398318778544688390,327.7461931457433
7407572572998602014,11928.356417460316
7429510727162957099,19230.328865367963
7403889289056095530,6081.2061452380985
7411366665675345198,564.6216230158735
7424684955181026591,486.7995507936508
7402046111126457642,287.5399492063491
7433987334225268011,2452.3332523809518
7425019681985072426,2526.7097626984123
7428748669303737630,264.80134761904753
7399109245708373279,857.4630555555556
7410641001276132639,608.0720682539686
7391994807121464619,2787.6760236652244
7434697327912242463,449.0490126984127
7396894001615342891,143.4222944444444
7390563466207202606,2449.6058317460306
7407231198910582022,454.00922063492084
7386444895021518126,349.5433666666666
7422797632474565931,4795.142687
7413896888467918126,561.6377523809527
7399116811528047914,406.09123333333355
7427326243256798495,234.67077301587292
7424668385394347307,78089.56489047619
7424734365705342251,385.20802142857104
7391297011175181598,351.4518047619047
7399882442162572575,4913.751191269845
7392753239709469982,119379.92347467529
7420240423731432734,293.2550151515151
7386479916658740523,53677.64476825394
7401671748116073759,229.35595634920622
7401349194927164702,515.1674698412696
7409808195377515822,14154.591830158724
7429513742691470622,457.7034206349204
7415841107038489902,425.8033706349206
7428449985798343982,16537.30938730158
7390884949538147614,721.5968374458873
7423565359329922335,4040.247888095236
7396115594002697515,720.5770278
7398737483032169758,425.1147285714283
7415785975164521759,14415.940726984121
7391284620718804254,11840.585897619041
7407942572657626398,19654.553979365082
7428772005580786987,4100.406188095239
7400572994130578730,389.0811007936507
7403887805530754346,772.7538333333331
7403861678703660319,400080.1818452382
7432805940665109790,32.275753102453116
7397935923729763630,315467.26160158735
7387549450224291105,926455.3900706349
7422805796997680414,333.86758333333324
7402820144449326378,3567.607035714286
7423905602075626795,9808.162511904766
7394233244494892318,427.28047063492033
7429114678594391326,583.4295428571432
7392023382474313006,264.1216476190476
7423566376339524906,387.8612548
7384975234455194923,431.95560555555585
7391313412590013738,869.6551007936508
7411314497425640734,364.1585388888892
7388300575768661290,436.51612806637814
7402459256424811819,676.2459842712841
7390955703168552235,3120.146787301587
7403555594726100254,408.2407
7394611721924594975,3321.106469047619
7393475101947268398,1050.4226396825404
7425077510485871902,620.7772357142857
7415439420721057055,389.8946071
7419108535394438431,5099.604852
7410545239913499946,793.3392349
7407601716838878507,161.03629444444454
7427277291480239391,331.5111873015869
7429494536948239662,496.7539968253965
7394276654580763946,523.3679190476188
7415784315440713002,244.3949095238094
7390573434113183006,3859.05345
7418363740065778986,80.52533253968247
7397247490451344682,318.46423888888927
7419885917193653534,573.2545714285711
7385409578894118186,314.14857857142874
7418391420458781994,265.31368968253975
7418047720272694559,198.88378412698395
7426142121813560622,385.05993888888867
7401282422483979550,150.08156746031744
7428392245440662830,393.4337301587303
7398712692954926378,3348.6938484848483
7393184866998750494,891.8482119047617
7426645205954219306,18762.999412698417
7392808241819913515,1493.6914103174597
7391713397437467946,1718.1025190476205
7392743370382380334,167173.38565952383
7421354261365263647,616.4097409812407
7425397323137682730,300.4239428571427
7427309396188777770,346.58584682539663
7433201211123191083,5382085.659261908
7422043647048207646,2649508.364744662
7398333365394410783,93.66175714285713
7400926389282606382,967.7048198412704
7411698199473311019,65329.81579206351
7394637768917355822,1522.6555257575747
7423977308807040299,3312.0271658730167
7434737854028221739,873.6926023809532
7417285567152393503,339.3954674603174
7405371741486271775,711.6806171
7423565447615794475,1447.3061096681095
7384246234141314347,299.9308801587302
7415010112009555206,636.7462794
7404675602680122666,247.6524920634921
7414296285257141547,301.6269499999999
7390523524328213790,499.43165634920655
7434006204269055275,3394.1512150793637
7392404524104764703,230.88785526695506
7386432525863750954,1970.003625396825
7394238013087255839,3289.035046031746
7402033365307886894,366.3447502886002
7433273614125763870,101.41110634920636
7419877697960070405,273.73092936507936
7403907021793283371,904.1606801587305
7406146974061268255,1680.9573333333326
7419107614576889130,575.3608555555552
7410549605781343530,387.4679984126984
7422871160758619422,134.04867539682542
7421681017888460075,279.4742976190475
7384628990734159150,1595.8575880952374
7402379869973220651,281.4410595238093
7406476381699312927,619.4638619047621
7403885303758540078,280.8902365079367
7412397724315684127,388.8883523809524
7425072780091067691,815.6046650793652
7416193458890755370,476.76878809523805
7392759647817501983,5789.105257936508
7391618059313712414,235.4069579
7413523453179071790,1372.6040119047616
7409141282305477918,1853.7638734487725
7417962764951358762,629.6588214285719
7428365177038310686,1102.6488984126981
7426173028536519967,770.6418458485956
7426534529239747883,262.73757222222224
7425804025683070251,3950.9865388888893
7395001965681429791,9039.841019841271
7414304552649821482,851.8038436507941
7397633175498886442,320.44070238095225
7401309447311723819,1297.9445515873015
7412420268628413739,3151.0021500000003
7425810821743234347,35438.08336269841
7419469291398991135,352.4897714285716
7419920115715575046,267.3511785714287
7395797472355929374,2269.992269
7410546208587910443,6588.269813492056
7426537411099757854,286.7197909812409
7411309505944014126,5366.126377705633
7399511829287849258,740.3771698412694
7392456452159425834,220.39080454545453
7410928245186530606,9552.931692857142
7422806393071340846,9215.051037229437
7425473112986127646,676.8948674603175
7392789739352460574,335.8930127705627
7422117280181407007,604.0210952380954
7429556138179398942,1133.1115785714283
7414270354371169579,1405.2898420634915
7387972373737164074,346.0886404761905
7404303303523323178,135.28111984126986
7399794064985525535,186.24760317460323
7423575228766342443,949.2325008
7391272165951212842,209.0646785714286
7405785138220551455,517.7944317
7420208140328881454,188.09841031746012
7421726215226117406,459.9905771
7388695922991009066,2143.0607452380946
7407573631355669790,338.0081930735928
7414287083763813678,651.3328262
7394592740350397702,352.2318440836941
7389766090827582750,661.3388492
7395011225014340894,5230.121494
7394982302985522474,369.69891904761903
7385715521993461035,310.3040952380955
7403963843250048286,20622.62817777778
7426555081799028014,273.1171532
7399798481210150190,6000.636013492066
7408313822072589611,1252.2729626984126
7415087716926229803,51470.95332539682
7434751498032041262,289.02004444444407
7429120050323377451,1533.9968440115433
7399074442372042015,280.5873698412698
7390950304927190303,255.7939505772006
7413979982831111467,1505.0943706349206
7385032194659519790,17780.412209956714
7399130711396994350,31863.84822460316
7426131866073369902,374.0216825396822
7410977040255520030,3156.790929365079
7403215844567993630,429.2597752525253
7415382715802914091,286.5023714285714
7424323460253355294,43.60221269841268
7401636916422233390,2706.416564285714
7424343569210625323,394.43034841269815
7410919058075323679,419.53089523809535
7417962335760862495,816.2001579365082
7414652824337894698,1146.3421214285713
7435505012756811051,2019.3814090909095
7426509863552830750,877.9153733044736
7384650426488163630,983.6782269841282
7429130221267471662,277351.87580396817
7417220970450275630,312.6097587301587
7433993027749694751,5073.040128571429
7411321398553005355,16892.733099999994
7422070036170313006,263.50132539682545
7399439888107490603,431.27475396825395
7387946037543030047,1516.9157150793649
7395347777754107178,3537.854429365078
7394995129813077279,976.7722047619046
7434688133653941534,8758.748448412702
7395335796217171231,43793.95215007214
7393872571625655598,3245.590829365081
7386820448887115039,1121.264273809523
7415773987801746731,801.1550174603174
7426127455632624926,17342.87442460318
7394593932732075294,431.0002027
7408399626933521695,203.2194317460317
7435450968231169323,446.24256666666673
7384958968801643819,234705.54235158724
7402440601930648862,677.7500460317458
7391684930637434142,313.8665388888886
7420628578267614507,408.50664956709954
7400175078136237343,57892.89639444443
7390174496969313579,275.643494
7415091474326392094,828.5419738
7390949881034083614,1156.6023785714287
7418407990132264235,3389.745966666664
7402014563706703134,57.80146616161616
7409077490536451374,18164.412584126985
7397223601818193183,380.2578119047619
7420934047406345514,1711.4730134199128
7413973540946447647,867.4404722222216
7397216429583387950,4218.397037
7434351818521546026,741.3796277777777
7405811640848977194,262.08185923520904
7425835742619897130,695.8743238095235
7419116935801081119,359.3923457431457
7413927073997229343,2417.5258094516585
7415806527010884907,2142.260342857141
7433223089904962862,17780.400911904748
7399477175247736107,380.5873092352093
7389762134814510367,194.39117857142836
7425061552123809055,291.40211746031747
7428789083301760287,2057.5518746031735
7392799139525905706,307.6554380952382
7412041596411055402,368.7712888888888
7420634230360771871,164909.07906190478
7400547092852231466,4516.792066666663
7422838420533185823,644.3428968253967
7394628134496111915,39367.19006349207
7389759003435322655,286.85702619047623
7402811680847187230,993.1814468253966
7409089860654370091,505.7729420634918
7394296628699499806,5148.015955555557
7421026940259241258,258.94819047619063
7420219389502590254,11889.259938095238
7391702047705419051,308.1711285714285
7411376323433663790,849.3175063492068
7387568878630554911,999.2671047619046
7414728041760361771,213.4649095238095
7411282557955902766,345376.13609523803
7406129827213970734,1212.627312842713
7412479882413739294,297.65419848484856
7389833470991895854,524.5958296536793
7417682275447508270,973.7545388888893
7415829781188496683,226.74613333333338
7390575846794300714,3157.674345238095
7385734873874435358,66.06242936507935
7420532840263093546,298561.1129039683
7420253717339065646,281.26564047619047
7387619489321323819,325.87841111111123
7407987450754108702,14867.285368253974
7405771667294702891,642.6186865079367
7409839206001921310,7298.725973015878
7426877895395511595,2815.7480293650797
7396847273331805470,4540.855804761903
7415098182683692318,56.53723693528694
7396132135070993695,16985.992365079364
7415062399251746090,5426.455615079365
7410603768137436446,1374.295784920635
7417236381262662958,815.4110667
7395021725181709610,4352.336469
7389790968330849579,815.7538958874457
7396847794872585518,67445.30470238096
7404696080832711982,1984.4600301587293
7409434203864960286,6504.947940476189
7412406045437332779,80.59621031746032
7384996826140675370,209395.6646587301
7384177529092951338,15739.467430952389
7402829820079377706,368.6116285714283
7434698104529636638,287.95299841269843
7414354779746520366,449.0904563492064
7426904506631195947,9593.931389971136
7433636212595821867,7016.238176190475
7397946877745941806,3142.698061111112
7421323513392500014,27134.85475238096
7413602348443979051,416.5307722
7428420588592565534,560.8209968253967
7418775394477690142,787.7380515873016
7405074231429434666,2204.1886198412694
7384244962147224863,219.4390904761905
7425098600004259103,255.58936190476194
7408029716524829982,94.53010735930734
7434306667946216750,266.2079886002885
7400568327317376286,3590.932212770562
7386105612838407454,144.98870793650798
7402764467605474603,212.25420396825405
7435144045095046431,769.676377
7426892737326124330,843.7144896825394
7396900133901765931,306.97181825396837
7411662092454858027,82796.06228241761
7395048856699931934,3396.437861904762
7415782991638646047,714.6240920634917
7405775275440622879,548.9672905
7417594077740272927,369.49738888888885
7434746174243949867,668.1063777777766
7397989392343633194,7892.349381
7400575752732757278,824.4455123376621
7395727035122928938,12063.898178571439
7385040354476723502,269.9096119047619
7418359889262677291,18211.127938095233
7419476934427528490,23878.67984761904
7400546820079881515,354.18258333333324
7413904215707274539,508.20706031746045
7404998521616829742,601.9020502164502
7426577289946828078,6528.342455483404
7403922131957927211,543.5294206349208
7407944191050829102,808.3198392496396
7403561005999197486,275.13864285714277
7389105842294918442,600.1374652236651
7422064119609560350,400.0250080808081
7421322222842858798,840.0245497113996
7399130715872333063,345.9381507936506
7409503720368688430,38328.74140714287
7395364013825150251,242.54926825396836
7413141517268749611,413.85478650793635
7397207203486256427,432.0248325396825
7396916759581723950,264.82324206349205
7387602190556286250,742.3275214285708
7415374934987361566,369.03394963924956
7393109796469181738,657.3566017316018
7413586858757737770,673.9294793650795
7395030877329280287,4937.7504055555555
7420974792897056030,295.2756331168831
7392010755287158046,694.0517612554106
7404310282740305194,2076.277056349206
7390523393218465067,141109.42978441558
7384628081870245166,2965.4566198412685
7404271436468292910,193.77155476190472
7397182928503016734,403.71847510822494
7405423723009805599,433.0943240259737
7428453037666012447,1070.0620404761905
7401715606006861099,292.7033643
7387194466446232874,288.32666904761896
7401653302292712747,4898.105371645025
7410067510256586014,24502.161719841268
7428046001941875998,335.5687722222221
7425790763197304107,10724.49321349206
7397249940738641183,14615.569275396836
7407267518143810846,354.57785245310265
7398711093570424094,237.33525317460317
7433935270132731178,14.326857936507933
7421361063314165035,1606.5742295815303
7432884101369171242,1652.5438928571423
7435062566386208042,109350.2547319624
7427984750708641054,657.1424944444444
7403553346818264351,589895.4836064215
7423624614137433375,2203.0721964646473
7419826217752235307,384.7473071428572
7424366271946296606,293.1062333333333
7386823742179036447,334.5765103174598
7411296399871986987,705.4683103174609
7424660409610767658,951.6336111111109
7427320815466630446,2354.388949999998
7390593407628102958,162.85152301587303
7384222971503643935,1296.536952380952
7391274577176857898,331.3287878787878
7398763861739851039,395.81931984126953
7419480557064572190,2682.0946849206352
7433639541220625695,9646.315972222228
7405787979882450206,72.80743809523804
7393870462691921194,1485.1595992063487
7395712868814982431,214.30774920634917
7405396096056380702,267.4686405483406
7417253919266508062,255.0764301
7392809026574241067,672.6707037518038
7414345393607118110,1095.546321356422
7399813193058536734,259.72357619047625
7391641386103180586,1205.1494563492067
7384215709175303467,332.72659494949505
7420255519769726251,844.7871373
7407238514791714079,18741.738389682534
7403956966105632042,447.8716285714283
7397925631989910830,309.61300238095237
7426504778697428267,906.6909412698415
7422103375547780383,422.96148766233773
7405758071080865067,6188.5424267676735
7424314072436346154,416.7869833333331
7434352135715753258,42347.23078650795
7427983673896471850,260.6714071428572
7417995856667856159,17657.679750793643
7421364191363157279,161.88997655122657
7433621400809721118,467.5530169552671
7422799659157949738,86170.06891017317
7394503051006070058,10045.718152380949
7410608286975773994,356.64088253968276
7408705219636350238,340.5882756854256
7402475307711614239,469.77254523809523
7400953027705720095,16620.87380952382
7417667212971871531,423.0193547619046
7390583781482073390,176300.7610380952
7400991550794206510,257.3148555555556
7404670311439797512,69.19256031746028
7389030163775802670,386.01617857142844
7425412958114565419,6373.334004761901
7393125863388106026,420.8622626984123
7393488937379007787,1677.6229080086573
7394981392234351914,891.6914642857147
7392408974978633006,264.5211936507937
7391295919955643691,289.6369569985572
7415389048744742174,442.5369285714287
7386433041842867498,18007.198284632042
7402104921715182890,773.4633924
7420250489054399774,371.1144426406926
7405719824472771886,1168.1795658730157
7413515026398448942,408.5152313797311
7408693604736093486,255.32947777777787
7410577958945213742,970.6233746031747
7387977599709973790,861.1443246031748
7388339268659285279,14897.510358152957
7429488993735216430,322.26952914862903
7406111082701540639,610.2963435064935
7410638715850132766,899.3715032
7398303833174052127,554.1425388888888
7404676802074955038,640.7700015873013
7413152220520189227,56.28993282828284
7385685381670309151,31969.666277922064
7398680462928907562,23740.550153174616
7415070418379361579,1077.8603134920636
7415379190825962794,1482.7318547619036
7418426771290197291,1865.2424968253983
7401366086882446622,45623.43727
7390132937213234478,676.6784047619047
7393863251278236958,276.35917619047603
7409156415337549086,335.4151674603177
7411687727206370565,22104.688758730164
7427650044528102702,20258.600257936527
7392028351105469738,2704.7515980519483
7409113777397845278,1906.2415253968245
7425801710494289183,2984.98378
7390971737870978335,1080.0153396825401
7389042384044133675,3424.3608150793657
7408025601296157983,335.8074603174604
7428029867456793887,340.4435539682537
7395042696022199583,924.3179888888887
7426559630605585707,350.5814253968253
7422047759345290542,720.6929598845597
7387571071106452766,482.3758023809523
7412431829036272939,305.62242590187583
7419097685698907422,4873.493638888886
7435054873424448799,433.22695000000016
7399497723420020014,301.03592460317486
7386832410144509226,4882.172988095239
7397607270172986654,472.7855477633478
7401283645484453150,38.6004728
7384986591766498606,327.0195047619047
7401326802653760811,382.56975324675324
7390182466851458346,19177.85171428573
7433964973220547883,7295.5171796536815
7411312175005961514,20312.141320490624
7409155770203245855,215.7756132756132
7428024565424590110,185.26931507936493
7421334057016904990,6407.830061399709
7414653124926835998,858.8294357142862
7396469033534573855,105.57266666666663
7385714775470214442,1084.8919579365074
7396153835502243078,371.76940714285706
7399830816072715563,405.8616722222222
7426201561354751262,299.88750476190455
7435116170954542378,1982.0348071428557
7389018811032227118,9532.202629365089
7393164226103184686,246.47760238095233
7422847051060235563,330.3496571428573
7385739143155911967,836.9599690476198
7398715259399310623,272.6893150793649
7424286338498710814,130281.5355574315
7429548979001576734,543.9846833333334
7418706873316166954,16383.595690476199
7411011085492374826,312.81393015873033
7420569432470179102,403.4771817460321
7393495679752080682,276.8905547619048
7407591424826330411,34543.256034920625
7427331543414115626,40409.52554047616
7388735665803939118,293.77089603174596
7401705067717463338,332.03441746031774
7402465850764119342,3079.0355079365067
7404233930360081695,383.0888333
7425405465346968863,404574.9410191308
7384268286478961963,896.9158769841267
7394220417432489247,73344.8906
7418794472605060382,437.3890883116882
7387264972746771743,388.7440015873017
7400627157136985387,696.2229817
7398690626209877290,2979.1245563492057
7396508112410234143,14964.812484126976
7386822923509681450,17605.462232539685
7413887679235902750,775.1862904761912
7423543226662997278,776.5160238
7403501553912532270,52031.90080952381
7400200043073948971,899.2529134920633
7419462744371662126,1307.1536436507931
7394985085138685214,167.6907452380953
7389442116524576006,4897.665377777777
7389426539928014122,975.6307365079372
7433243865911397663,283266.4002357142
7396091979941055790,1440.703462193362
7389810738694491423,4316.2766746031775
7393182645661846827,1230.3984936507943
7403180293621878058,1736.7444952380954
7391642736333507870,554.8476555555557
7415075881254800671,280.75996904761894
7403205645500992810,3186.423223809521
7386821720834903342,305.226581
7429117403713277215,900.7690698412697
7393885728083545374,675.6631873015874
7407673307933199646,9759.281637301592
7401263255882157354,381431.5272621213
7417646560625937707,1798.1996579365075
7387982409435761963,1851.6433793650801
7423197632501239082,1115.8521443722943
7392405826482441502,25352.374356349217
7409098773156138282,53754.465230952395
7402400321349094687,255.12669206349213
7404985500823604522,7943.972197619042
7390141646425378078,325.7319428571431
7409099055852440878,1002.4848135642131
7402811882513501470,560.0753904761905
7429139506273570079,1189.7104492063495
7404990186536389918,19327.09108333334
7429141481102871838,3918.405484920635
7403536376764976415,448.54138253968256
7432846600185171242,1746.0451142857144
7399093323484482846,1368.1391342712845
7397940252259781931,287.20231904761914
7435467370174663982,320.71566666666644
7395751963989789982,2196.542605555557
7410872449270566175,360.6009111111111
7384955766727314719,486.3238206349206
7402452533760871710,597.2373420634921
7400985690684591402,8391.346338888887
7396915547872464170,26694.710840476208
7395781228487593246,260.01300396825394
7397558528992398623,686.7193531746033
7396084910055804206,257439.8503253968
7411284322440826154,1217.430843650794
7388684143795719466,774.5203325396825
7406527129829084447,2023.2742057720056
7402075471078346015,25927.915914285717
7415766063951924523,363.30271904761935
7394254935401041182,246.33090966810963
7433290902900051231,55.70476868131869
7433291301946215710,236.5004506715509
7390885619674778910,825.4398183982688
7387927824692284714,1968.1937619047612
7395797910517992747,648.7604230158734
7395707047188139294,787.2079230158736
7427621655494610222,909.320519
7409454663973522719,298.9090420634921
7422058982417763614,1059.1894085137083
7400568243666210094,2594.0473261904763
7396880238975651102,234.19149129204155
7426553863844547871,590.4720317460319
7412415480448699679,315.92303809523816
7418010790654938398,14057.656342857139
7408398515107286303,1320.1832722222216
7392411611270565150,3281.390135714287
7420236162209729838,1206.247303968254
7407579149717507370,819610.5360658728
7404645857737329951,201.93931269841264
7402388655412907310,561.3458246031748
7427668420923018539,253.7588658730158
7393871185320234271,6037.002550000006
7405781010484333855,12218.677251587304
7420661047238888746,437.79926984127013
7397558101219560710,811.4204896825399
7425822115888139566,8645.710694
7395333920432180486,1221.7408841269835
7404271536078605574,6870.636753968251
7404628338523819294,17353.56431587301
7402378671798914334,991.6836396825397
7405385756845296927,312.4612904761906
7432898291513265450,1234.684221428572
7397193857647021354,16133.83432251083
7423256022145355013,287.41022698412684
7396889460236930334,370.79391825396846
7426212771651570990,3683.1252658730136
7386080345180884255,354.21474682539696
7393848827318390046,224.8367761904761
7425762074661326123,1090.6466476190476
7399079724623957278,371.2012185425688
7422084993142361387,273.9280606782106
7391299849964244270,380606.09036343143
7397238971648019742,1667.2952753968252
7393132932124364078,153.12027777777774
7413891095492332846,963.1052571428575
7395726327942303006,346.9494955988457
7428439199319133471,20915.477598412705
7398675865569135915,502.6635381
7432846427950157099,29738.266826190487
7390519295307975967,311.23731428571443
7421780641076792607,2245.885731746033
7414318888621591851,8987.745943073589
7419883383829908782,1205.8915095238096
7429098654780247327,807.6949492
7386471720183532830,734.4711357
7434768870398905642,2989.3472552669555
7406094288574090539,1162.6255007936506
7390157210262752554,2180.3048047619054
7390539514910887211,28919.969621428572
7397941061592567082,7174.154834920634
7390958580263816491,38282.30651666666
7400231177900002602,857019.6618619048
7408393297476980010,181661.14857619052
7400909681876553003,473.2908325396825
7398009986967751966,38.83540952380953
7386092848254340394,8458.443011111107
7415766593763937566,518.3135944444443
7413206594357415211,1903.4535206349192
7410547298008091935,250.42578571428575
7405439946170846495,275.3552484126984
7409526103712222495,4854.186619047621
7410202833171074324,2006.7317488455983
7414655896195763487,184.45129682539675
7434012629510704415,1796.9113055555538
7404303508939296005,334.40796507936494
7414640331418766623,8050.442030952378
7385753698322107694,305.88954660894683
7396450490755599646,3845.6728785714295
7394227114775711022,353.48656883116894
7408706357488127262,13447.41457777778
7402665178577243423,1005047.3462015871
